,iso_code,continent,location,date,total_cases,new_cases,new_cases_smoothed,total_deaths,new_deaths,new_deaths_smoothed,total_cases_per_million,new_cases_per_million,new_cases_smoothed_per_million,total_deaths_per_million,new_deaths_per_million,new_deaths_smoothed_per_million,reproduction_rate,icu_patients,icu_patients_per_million,hosp_patients,hosp_patients_per_million,weekly_icu_admissions,weekly_icu_admissions_per_million,weekly_hosp_admissions,weekly_hosp_admissions_per_million,new_tests,total_tests,total_tests_per_thousand,new_tests_per_thousand,new_tests_smoothed,new_tests_smoothed_per_thousand,positive_rate,tests_per_case,tests_units,total_vaccinations,total_vaccinations_per_hundred,stringency_index,population,population_density,median_age,aged_65_older,aged_70_older,gdp_per_capita,extreme_poverty,cardiovasc_death_rate,diabetes_prevalence,female_smokers,male_smokers,handwashing_facilities,hospital_beds_per_thousand,life_expectancy,human_development_index
24596,ISR,Asia,Israel,2020-01-26,,,,,,,,,,,,,,,,,,,,,,,113.0,0.013,,,,,,tests performed,,,0.0,8655541.0,402.606,30.6,11.733,7.359,33132.32,0.5,93.32,6.74,15.4,35.4,,2.99,82.97,0.903
24597,ISR,Asia,Israel,2020-01-27,,,,,,,,,,,,,,,,,,,,,,1.0,114.0,0.013,0.0,,,,,tests performed,,,2.78,8655541.0,402.606,30.6,11.733,7.359,33132.32,0.5,93.32,6.74,15.4,35.4,,2.99,82.97,0.903
24598,ISR,Asia,Israel,2020-01-28,,,,,,,,,,,,,,,,,,,,,,,,,,,,,,tests performed,,,2.78,8655541.0,402.606,30.6,11.733,7.359,33132.32,0.5,93.32,6.74,15.4,35.4,,2.99,82.97,0.903
24599,ISR,Asia,Israel,2020-01-29,,,,,,,,,,,,,,,,,,,,,,,117.0,0.014,,,,,,tests performed,,,2.78,8655541.0,402.606,30.6,11.733,7.359,33132.32,0.5,93.32,6.74,15.4,35.4,,2.99,82.97,0.903
24600,ISR,Asia,Israel,2020-01-30,,,,,,,,,,,,,,,,,,,,,,4.0,121.0,0.014,0.0,,,,,tests performed,,,2.78,8655541.0,402.606,30.6,11.733,7.359,33132.32,0.5,93.32,6.74,15.4,35.4,,2.99,82.97,0.903
24601,ISR,Asia,Israel,2020-01-31,,,,,,,,,,,,,,,,,,,,,,,,,,,,,,tests performed,,,2.78,8655541.0,402.606,30.6,11.733,7.359,33132.32,0.5,93.32,6.74,15.4,35.4,,2.99,82.97,0.903
24602,ISR,Asia,Israel,2020-02-01,,,,,,,,,,,,,,,,,,,,,,,,,,,,,,tests performed,,,2.78,8655541.0,402.606,30.6,11.733,7.359,33132.32,0.5,93.32,6.74,15.4,35.4,,2.99,82.97,0.903
24603,ISR,Asia,Israel,2020-02-02,,,,,,,,,,,,,,,,,,,,,,,128.0,0.015,,2.0,0.0,,,tests performed,,,13.89,8655541.0,402.606,30.6,11.733,7.359,33132.32,0.5,93.32,6.74,15.4,35.4,,2.99,82.97,0.903
24604,ISR,Asia,Israel,2020-02-03,,,,,,,,,,,,,,,,,,,,,,7.0,135.0,0.016,0.001,3.0,0.0,,,tests performed,,,13.89,8655541.0,402.606,30.6,11.733,7.359,33132.32,0.5,93.32,6.74,15.4,35.4,,2.99,82.97,0.903
24605,ISR,Asia,Israel,2020-02-04,,,,,,,,,,,,,,,,,,,,,,6.0,141.0,0.016,0.001,4.0,0.0,,,tests performed,,,13.89,8655541.0,402.606,30.6,11.733,7.359,33132.32,0.5,93.32,6.74,15.4,35.4,,2.99,82.97,0.903
24606,ISR,Asia,Israel,2020-02-05,,,,,,,,,,,,,,,,,,,,,,,,,,5.0,0.001,,,tests performed,,,13.89,8655541.0,402.606,30.6,11.733,7.359,33132.32,0.5,93.32,6.74,15.4,35.4,,2.99,82.97,0.903
24607,ISR,Asia,Israel,2020-02-06,,,,,,,,,,,,,,,,,,,,,,,,,,5.0,0.001,,,tests performed,,,13.89,8655541.0,402.606,30.6,11.733,7.359,33132.32,0.5,93.32,6.74,15.4,35.4,,2.99,82.97,0.903
24608,ISR,Asia,Israel,2020-02-07,,,,,,,,,,,,,,,,,,,,,,,,,,6.0,0.001,,,tests performed,,,13.89,8655541.0,402.606,30.6,11.733,7.359,33132.32,0.5,93.32,6.74,15.4,35.4,,2.99,82.97,0.903
24609,ISR,Asia,Israel,2020-02-08,,,,,,,,,,,,,,,,,,,,,,,,,,7.0,0.001,,,tests performed,,,13.89,8655541.0,402.606,30.6,11.733,7.359,33132.32,0.5,93.32,6.74,15.4,35.4,,2.99,82.97,0.903
24610,ISR,Asia,Israel,2020-02-09,,,,,,,,,,,,,,,,,,,,,,,181.0,0.021,,8.0,0.001,,,tests performed,,,19.44,8655541.0,402.606,30.6,11.733,7.359,33132.32,0.5,93.32,6.74,15.4,35.4,,2.99,82.97,0.903
24611,ISR,Asia,Israel,2020-02-10,,,,,,,,,,,,,,,,,,,,,,28.0,209.0,0.024,0.003,11.0,0.001,,,tests performed,,,19.44,8655541.0,402.606,30.6,11.733,7.359,33132.32,0.5,93.32,6.74,15.4,35.4,,2.99,82.97,0.903
24612,ISR,Asia,Israel,2020-02-11,,,,,,,,,,,,,,,,,,,,,,50.0,259.0,0.03,0.006,17.0,0.002,,,tests performed,,,19.44,8655541.0,402.606,30.6,11.733,7.359,33132.32,0.5,93.32,6.74,15.4,35.4,,2.99,82.97,0.903
24613,ISR,Asia,Israel,2020-02-12,,,,,,,,,,,,,,,,,,,,,,35.0,294.0,0.034,0.004,21.0,0.002,,,tests performed,,,19.44,8655541.0,402.606,30.6,11.733,7.359,33132.32,0.5,93.32,6.74,15.4,35.4,,2.99,82.97,0.903
24614,ISR,Asia,Israel,2020-02-13,,,,,,,,,,,,,,,,,,,,,,35.0,329.0,0.038,0.004,25.0,0.003,,,tests performed,,,19.44,8655541.0,402.606,30.6,11.733,7.359,33132.32,0.5,93.32,6.74,15.4,35.4,,2.99,82.97,0.903
24615,ISR,Asia,Israel,2020-02-14,,,,,,,,,,,,,,,,,,,,,,30.0,359.0,0.041,0.003,28.0,0.003,,,tests performed,,,19.44,8655541.0,402.606,30.6,11.733,7.359,33132.32,0.5,93.32,6.74,15.4,35.4,,2.99,82.97,0.903
24616,ISR,Asia,Israel,2020-02-15,,,,,,,,,,,,,,,,,,,,,,3.0,362.0,0.042,0.0,27.0,0.003,,,tests performed,,,19.44,8655541.0,402.606,30.6,11.733,7.359,33132.32,0.5,93.32,6.74,15.4,35.4,,2.99,82.97,0.903
24617,ISR,Asia,Israel,2020-02-16,,,,,,,,,,,,,,,,,,,,,,23.0,385.0,0.044,0.003,29.0,0.003,,,tests performed,,,19.44,8655541.0,402.606,30.6,11.733,7.359,33132.32,0.5,93.32,6.74,15.4,35.4,,2.99,82.97,0.903
24618,ISR,Asia,Israel,2020-02-17,,,,,,,,,,,,,,,,,,,,,,41.0,426.0,0.049,0.005,31.0,0.004,,,tests performed,,,19.44,8655541.0,402.606,30.6,11.733,7.359,33132.32,0.5,93.32,6.74,15.4,35.4,,2.99,82.97,0.903
24619,ISR,Asia,Israel,2020-02-18,,,,,,,,,,,,,,,,,,,,,,46.0,472.0,0.055,0.005,30.0,0.003,,,tests performed,,,19.44,8655541.0,402.606,30.6,11.733,7.359,33132.32,0.5,93.32,6.74,15.4,35.4,,2.99,82.97,0.903
24620,ISR,Asia,Israel,2020-02-19,,,,,,,,,,,,,,,,,,,,,,34.0,506.0,0.058,0.004,30.0,0.003,,,tests performed,,,19.44,8655541.0,402.606,30.6,11.733,7.359,33132.32,0.5,93.32,6.74,15.4,35.4,,2.99,82.97,0.903
24621,ISR,Asia,Israel,2020-02-20,,,,,,,,,,,,,,,,,,,,,,29.0,535.0,0.062,0.003,29.0,0.003,,,tests performed,,,19.44,8655541.0,402.606,30.6,11.733,7.359,33132.32,0.5,93.32,6.74,15.4,35.4,,2.99,82.97,0.903
24622,ISR,Asia,Israel,2020-02-21,1.0,1.0,,,,,0.116,0.116,,,,,,,,,,,,,,28.0,563.0,0.065,0.003,29.0,0.003,,,tests performed,,,19.44,8655541.0,402.606,30.6,11.733,7.359,33132.32,0.5,93.32,6.74,15.4,35.4,,2.99,82.97,0.903
24623,ISR,Asia,Israel,2020-02-22,1.0,0.0,,,,,0.116,0.0,,,,,,,,,,,,,,13.0,576.0,0.067,0.002,31.0,0.004,,,tests performed,,,19.44,8655541.0,402.606,30.6,11.733,7.359,33132.32,0.5,93.32,6.74,15.4,35.4,,2.99,82.97,0.903
24624,ISR,Asia,Israel,2020-02-23,1.0,0.0,,,,,0.116,0.0,,,,,,,,,,,,,,56.0,632.0,0.073,0.006,35.0,0.004,,,tests performed,,,19.44,8655541.0,402.606,30.6,11.733,7.359,33132.32,0.5,93.32,6.74,15.4,35.4,,2.99,82.97,0.903
24625,ISR,Asia,Israel,2020-02-24,1.0,0.0,,,,,0.116,0.0,,,,,,,,,,,,,,75.0,707.0,0.082,0.009,40.0,0.005,,,tests performed,,,19.44,8655541.0,402.606,30.6,11.733,7.359,33132.32,0.5,93.32,6.74,15.4,35.4,,2.99,82.97,0.903
24626,ISR,Asia,Israel,2020-02-25,1.0,0.0,,,,,0.116,0.0,,,,,,,,,,,,,,108.0,815.0,0.094,0.012,49.0,0.006,,,tests performed,,,19.44,8655541.0,402.606,30.6,11.733,7.359,33132.32,0.5,93.32,6.74,15.4,35.4,,2.99,82.97,0.903
24627,ISR,Asia,Israel,2020-02-26,2.0,1.0,0.286,,,0.0,0.231,0.116,0.033,,,0.0,,,,,,,,,,108.0,923.0,0.107,0.012,60.0,0.007,0.005,209.8,tests performed,,,19.44,8655541.0,402.606,30.6,11.733,7.359,33132.32,0.5,93.32,6.74,15.4,35.4,,2.99,82.97,0.903
24628,ISR,Asia,Israel,2020-02-27,3.0,1.0,0.429,,,0.0,0.347,0.116,0.05,,,0.0,,,,,,,,,,171.0,1094.0,0.126,0.02,80.0,0.009,0.005,186.5,tests performed,,,19.44,8655541.0,402.606,30.6,11.733,7.359,33132.32,0.5,93.32,6.74,15.4,35.4,,2.99,82.97,0.903
24629,ISR,Asia,Israel,2020-02-28,6.0,3.0,0.714,,,0.0,0.693,0.347,0.083,,,0.0,,,,,,,,,,118.0,1212.0,0.14,0.014,93.0,0.011,0.008,130.3,tests performed,,,19.44,8655541.0,402.606,30.6,11.733,7.359,33132.32,0.5,93.32,6.74,15.4,35.4,,2.99,82.97,0.903
24630,ISR,Asia,Israel,2020-02-29,6.0,0.0,0.714,,,0.0,0.693,0.0,0.083,,,0.0,,,,,,,,,,158.0,1370.0,0.158,0.018,113.0,0.013,0.006,158.3,tests performed,,,19.44,8655541.0,402.606,30.6,11.733,7.359,33132.32,0.5,93.32,6.74,15.4,35.4,,2.99,82.97,0.903
24631,ISR,Asia,Israel,2020-03-01,7.0,1.0,0.857,,,0.0,0.809,0.116,0.099,,,0.0,,,,,,,,,,187.0,1557.0,0.18,0.022,132.0,0.015,0.006,154.0,tests performed,,,19.44,8655541.0,402.606,30.6,11.733,7.359,33132.32,0.5,93.32,6.74,15.4,35.4,,2.99,82.97,0.903
24632,ISR,Asia,Israel,2020-03-02,12.0,5.0,1.571,,,0.0,1.386,0.578,0.182,,,0.0,,,,,,,,,,171.0,1728.0,0.2,0.02,146.0,0.017,0.011,92.9,tests performed,,,19.44,8655541.0,402.606,30.6,11.733,7.359,33132.32,0.5,93.32,6.74,15.4,35.4,,2.99,82.97,0.903
24633,ISR,Asia,Israel,2020-03-03,15.0,3.0,2.0,,,0.0,1.733,0.347,0.231,,,0.0,,,,,,,,,,235.0,1963.0,0.227,0.027,164.0,0.019,0.012,82.0,tests performed,,,19.44,8655541.0,402.606,30.6,11.733,7.359,33132.32,0.5,93.32,6.74,15.4,35.4,,2.99,82.97,0.903
24634,ISR,Asia,Israel,2020-03-04,15.0,0.0,1.857,,,0.0,1.733,0.0,0.215,,,0.0,,,,,,,,,,129.0,2092.0,0.242,0.015,167.0,0.019,0.011,89.9,tests performed,,,33.33,8655541.0,402.606,30.6,11.733,7.359,33132.32,0.5,93.32,6.74,15.4,35.4,,2.99,82.97,0.903
24635,ISR,Asia,Israel,2020-03-05,21.0,6.0,2.571,,,0.0,2.426,0.693,0.297,,,0.0,,,,,,,,,,173.0,2265.0,0.262,0.02,167.0,0.019,0.015,65.0,tests performed,,,33.33,8655541.0,402.606,30.6,11.733,7.359,33132.32,0.5,93.32,6.74,15.4,35.4,,2.99,82.97,0.903
24636,ISR,Asia,Israel,2020-03-06,37.0,16.0,4.429,,,0.0,4.275,1.849,0.512,,,0.0,,,,,,,,,,274.0,2539.0,0.293,0.032,190.0,0.022,0.023,42.9,tests performed,,,33.33,8655541.0,402.606,30.6,11.733,7.359,33132.32,0.5,93.32,6.74,15.4,35.4,,2.99,82.97,0.903
24637,ISR,Asia,Israel,2020-03-07,47.0,10.0,5.857,,,0.0,5.43,1.155,0.677,,,0.0,,,,,,,,,,336.0,2875.0,0.332,0.039,215.0,0.025,0.027,36.7,tests performed,,,33.33,8655541.0,402.606,30.6,11.733,7.359,33132.32,0.5,93.32,6.74,15.4,35.4,,2.99,82.97,0.903
24638,ISR,Asia,Israel,2020-03-08,56.0,9.0,7.0,,,0.0,6.47,1.04,0.809,,,0.0,,,,,,,,,,421.0,3296.0,0.381,0.049,248.0,0.029,0.028,35.4,tests performed,,,33.33,8655541.0,402.606,30.6,11.733,7.359,33132.32,0.5,93.32,6.74,15.4,35.4,,2.99,82.97,0.903
24639,ISR,Asia,Israel,2020-03-09,60.0,4.0,6.857,,,0.0,6.932,0.462,0.792,,,0.0,,,,,,,,,,518.0,3814.0,0.441,0.06,298.0,0.034,0.023,43.5,tests performed,,,33.33,8655541.0,402.606,30.6,11.733,7.359,33132.32,0.5,93.32,6.74,15.4,35.4,,2.99,82.97,0.903
24640,ISR,Asia,Israel,2020-03-10,88.0,28.0,10.429,,,0.0,10.167,3.235,1.205,,,0.0,,,,,,,,,,520.0,4334.0,0.501,0.06,339.0,0.039,0.031,32.5,tests performed,,,33.33,8655541.0,402.606,30.6,11.733,7.359,33132.32,0.5,93.32,6.74,15.4,35.4,,2.99,82.97,0.903
24641,ISR,Asia,Israel,2020-03-11,60.0,-28.0,6.429,,,0.0,6.932,-3.235,0.743,,,0.0,,,,,,,,,,401.0,4735.0,0.547,0.046,378.0,0.044,0.017,58.8,tests performed,,,33.33,8655541.0,402.606,30.6,11.733,7.359,33132.32,0.5,93.32,6.74,15.4,35.4,,2.99,82.97,0.903
24642,ISR,Asia,Israel,2020-03-12,81.0,21.0,8.571,,,0.0,9.358,2.426,0.99,,,0.0,,,,,,,,,,607.0,5342.0,0.617,0.07,440.0,0.051,0.019,51.3,tests performed,,,41.67,8655541.0,402.606,30.6,11.733,7.359,33132.32,0.5,93.32,6.74,15.4,35.4,,2.99,82.97,0.903
24643,ISR,Asia,Israel,2020-03-13,112.0,31.0,10.714,,,0.0,12.94,3.582,1.238,,,0.0,,,,,,,,,,694.0,6036.0,0.697,0.08,500.0,0.058,0.021,46.7,tests performed,,,52.78,8655541.0,402.606,30.6,11.733,7.359,33132.32,0.5,93.32,6.74,15.4,35.4,,2.99,82.97,0.903
24644,ISR,Asia,Israel,2020-03-14,138.0,26.0,13.0,,,0.0,15.944,3.004,1.502,,,0.0,2.49,,,,,,,,,614.0,6650.0,0.768,0.071,539.0,0.062,0.024,41.5,tests performed,,,52.78,8655541.0,402.606,30.6,11.733,7.359,33132.32,0.5,93.32,6.74,15.4,35.4,,2.99,82.97,0.903
24645,ISR,Asia,Israel,2020-03-15,177.0,39.0,17.286,,,0.0,20.449,4.506,1.997,,,0.0,2.53,,,,,,,,,1183.0,7833.0,0.905,0.137,648.0,0.075,0.027,37.5,tests performed,,,62.96,8655541.0,402.606,30.6,11.733,7.359,33132.32,0.5,93.32,6.74,15.4,35.4,,2.99,82.97,0.903
24646,ISR,Asia,Israel,2020-03-16,251.0,74.0,27.286,,,0.0,28.999,8.549,3.152,,,0.0,2.57,,,,,,,,,1345.0,9178.0,1.06,0.155,766.0,0.088,0.036,28.1,tests performed,,,68.52,8655541.0,402.606,30.6,11.733,7.359,33132.32,0.5,93.32,6.74,15.4,35.4,,2.99,82.97,0.903
24647,ISR,Asia,Israel,2020-03-17,295.0,44.0,29.571,,,0.0,34.082,5.083,3.416,,,0.0,2.58,,,,,,,,,1647.0,10825.0,1.251,0.19,927.0,0.107,0.032,31.3,tests performed,,,77.78,8655541.0,402.606,30.6,11.733,7.359,33132.32,0.5,93.32,6.74,15.4,35.4,,2.99,82.97,0.903
24648,ISR,Asia,Israel,2020-03-18,371.0,76.0,44.429,,,0.0,42.863,8.781,5.133,,,0.0,2.63,,,,,,,,,2106.0,12931.0,1.494,0.243,1171.0,0.135,0.038,26.4,tests performed,,,77.78,8655541.0,402.606,30.6,11.733,7.359,33132.32,0.5,93.32,6.74,15.4,35.4,,2.99,82.97,0.903
24649,ISR,Asia,Israel,2020-03-19,386.0,15.0,43.571,,,0.0,44.596,1.733,5.034,,,0.0,2.68,,,,,,,,,2076.0,15007.0,1.734,0.24,1381.0,0.16,0.032,31.7,tests performed,,,77.78,8655541.0,402.606,30.6,11.733,7.359,33132.32,0.5,93.32,6.74,15.4,35.4,,2.99,82.97,0.903
24650,ISR,Asia,Israel,2020-03-20,628.0,242.0,73.714,1.0,1.0,0.143,72.555,27.959,8.516,0.116,0.116,0.017,2.83,,,,,,,,,2317.0,17324.0,2.001,0.268,1613.0,0.186,0.046,21.9,tests performed,,,81.48,8655541.0,402.606,30.6,11.733,7.359,33132.32,0.5,93.32,6.74,15.4,35.4,,2.99,82.97,0.903
24651,ISR,Asia,Israel,2020-03-21,843.0,215.0,100.714,1.0,0.0,0.143,97.394,24.84,11.636,0.116,0.0,0.017,2.8,,,,,,,,,2108.0,19432.0,2.245,0.244,1826.0,0.211,0.055,18.1,tests performed,,,81.48,8655541.0,402.606,30.6,11.733,7.359,33132.32,0.5,93.32,6.74,15.4,35.4,,2.99,82.97,0.903
24652,ISR,Asia,Israel,2020-03-22,1080.0,237.0,129.0,1.0,0.0,0.143,124.776,27.381,14.904,0.116,0.0,0.017,2.74,,,,,,,,,3350.0,22782.0,2.632,0.387,2136.0,0.247,0.06,16.6,tests performed,,,81.48,8655541.0,402.606,30.6,11.733,7.359,33132.32,0.5,93.32,6.74,15.4,35.4,,2.99,82.97,0.903
24653,ISR,Asia,Israel,2020-03-23,1249.0,169.0,142.571,1.0,0.0,0.143,144.301,19.525,16.472,0.116,0.0,0.017,2.69,,,,,,,,,3626.0,26408.0,3.051,0.419,2461.0,0.284,0.058,17.3,tests performed,,,81.48,8655541.0,402.606,30.6,11.733,7.359,33132.32,0.5,93.32,6.74,15.4,35.4,,2.99,82.97,0.903
24654,ISR,Asia,Israel,2020-03-24,1351.0,102.0,150.857,4.0,3.0,0.571,156.085,11.784,17.429,0.462,0.347,0.066,2.68,,,,,,,,,4789.0,31197.0,3.604,0.553,2910.0,0.336,0.052,19.3,tests performed,,,81.48,8655541.0,402.606,30.6,11.733,7.359,33132.32,0.5,93.32,6.74,15.4,35.4,,2.99,82.97,0.903
24655,ISR,Asia,Israel,2020-03-25,2468.0,1117.0,299.571,5.0,1.0,0.714,285.135,129.05,34.61,0.578,0.116,0.083,2.75,,,,,,,,,5936.0,37133.0,4.29,0.686,3457.0,0.399,0.087,11.5,tests performed,,,81.48,8655541.0,402.606,30.6,11.733,7.359,33132.32,0.5,93.32,6.74,15.4,35.4,,2.99,82.97,0.903
24656,ISR,Asia,Israel,2020-03-26,2988.0,520.0,371.714,10.0,5.0,1.429,345.212,60.077,42.945,1.155,0.578,0.165,2.52,,,,,,,,,6504.0,43637.0,5.042,0.751,4090.0,0.473,0.091,11.0,tests performed,,,81.48,8655541.0,402.606,30.6,11.733,7.359,33132.32,0.5,93.32,6.74,15.4,35.4,,2.99,82.97,0.903
24657,ISR,Asia,Israel,2020-03-27,3421.0,433.0,399.0,12.0,2.0,1.571,395.238,50.026,46.098,1.386,0.231,0.182,2.31,,,,,,,,,5750.0,49387.0,5.706,0.664,4580.0,0.529,0.087,11.5,tests performed,,,81.48,8655541.0,402.606,30.6,11.733,7.359,33132.32,0.5,93.32,6.74,15.4,35.4,,2.99,82.97,0.903
24658,ISR,Asia,Israel,2020-03-28,3901.0,480.0,436.857,13.0,1.0,1.714,450.694,55.456,50.471,1.502,0.116,0.198,2.14,,,,,,,,,5739.0,55126.0,6.369,0.663,5099.0,0.589,0.086,11.7,tests performed,,,81.48,8655541.0,402.606,30.6,11.733,7.359,33132.32,0.5,93.32,6.74,15.4,35.4,,2.99,82.97,0.903
24659,ISR,Asia,Israel,2020-03-29,4433.0,532.0,479.0,16.0,3.0,2.143,512.157,61.464,55.34,1.849,0.347,0.248,2.0,,,,,,,,,7575.0,62701.0,7.244,0.875,5703.0,0.659,0.084,11.9,tests performed,,,81.48,8655541.0,402.606,30.6,11.733,7.359,33132.32,0.5,93.32,6.74,15.4,35.4,,2.99,82.97,0.903
24660,ISR,Asia,Israel,2020-03-30,4979.0,546.0,532.857,17.0,1.0,2.286,575.238,63.081,61.563,1.964,0.116,0.264,1.87,,,,,,,,,7101.0,69802.0,8.064,0.82,6199.0,0.716,0.086,11.6,tests performed,,,81.48,8655541.0,402.606,30.6,11.733,7.359,33132.32,0.5,93.32,6.74,15.4,35.4,,2.99,82.97,0.903
24661,ISR,Asia,Israel,2020-03-31,5717.0,738.0,623.714,21.0,4.0,2.429,660.502,85.263,72.06,2.426,0.462,0.281,1.76,,,,,,,,,7989.0,77791.0,8.987,0.923,6656.0,0.769,0.094,10.7,tests performed,,,81.48,8655541.0,402.606,30.6,11.733,7.359,33132.32,0.5,93.32,6.74,15.4,35.4,,2.99,82.97,0.903
24662,ISR,Asia,Israel,2020-04-01,6413.0,696.0,563.571,29.0,8.0,3.429,740.913,80.411,65.111,3.35,0.924,0.396,1.64,,,,,,,,,9008.0,86799.0,10.028,1.041,7095.0,0.82,0.079,12.6,tests performed,,,85.19,8655541.0,402.606,30.6,11.733,7.359,33132.32,0.5,93.32,6.74,15.4,35.4,,2.99,82.97,0.903
24663,ISR,Asia,Israel,2020-04-02,7132.0,719.0,592.0,38.0,9.0,4.0,823.981,83.068,68.395,4.39,1.04,0.462,1.53,,,,,,,,,10225.0,97024.0,11.209,1.181,7627.0,0.881,0.078,12.9,tests performed,,,85.19,8655541.0,402.606,30.6,11.733,7.359,33132.32,0.5,93.32,6.74,15.4,35.4,,2.99,82.97,0.903
24664,ISR,Asia,Israel,2020-04-03,7729.0,597.0,615.429,43.0,5.0,4.429,892.954,68.973,71.102,4.968,0.578,0.512,1.42,,,,,,,,,10328.0,107352.0,12.403,1.193,8281.0,0.957,0.074,13.5,tests performed,,,87.96,8655541.0,402.606,30.6,11.733,7.359,33132.32,0.5,93.32,6.74,15.4,35.4,,2.99,82.97,0.903
24665,ISR,Asia,Israel,2020-04-04,8157.0,428.0,608.0,49.0,6.0,5.143,942.402,49.448,70.244,5.661,0.693,0.594,1.32,,,,,,,,,6355.0,113707.0,13.137,0.734,8369.0,0.967,0.073,13.8,tests performed,,,87.96,8655541.0,402.606,30.6,11.733,7.359,33132.32,0.5,93.32,6.74,15.4,35.4,,2.99,82.97,0.903
24666,ISR,Asia,Israel,2020-04-05,8740.0,583.0,615.286,56.0,7.0,5.714,1009.758,67.356,71.086,6.47,0.809,0.66,1.24,,,,,,,,,9394.0,123101.0,14.222,1.085,8629.0,0.997,0.071,14.0,tests performed,,,87.96,8655541.0,402.606,30.6,11.733,7.359,33132.32,0.5,93.32,6.74,15.4,35.4,,2.99,82.97,0.903
24667,ISR,Asia,Israel,2020-04-06,9191.0,451.0,601.714,64.0,8.0,6.714,1061.863,52.105,69.518,7.394,0.924,0.776,1.16,,,,,,,,,7498.0,130599.0,15.088,0.866,8685.0,1.003,0.069,14.4,tests performed,,,87.96,8655541.0,402.606,30.6,11.733,7.359,33132.32,0.5,93.32,6.74,15.4,35.4,,2.99,82.97,0.903
24668,ISR,Asia,Israel,2020-04-07,9568.0,377.0,550.143,72.0,8.0,7.286,1105.419,43.556,63.56,8.318,0.924,0.842,1.09,,,,,,,,,6967.0,137566.0,15.893,0.805,8539.0,0.987,0.064,15.5,tests performed,,,90.74,8655541.0,402.606,30.6,11.733,7.359,33132.32,0.5,93.32,6.74,15.4,35.4,,2.99,82.97,0.903
24669,ISR,Asia,Israel,2020-04-08,9906.0,338.0,499.0,80.0,8.0,7.286,1144.469,39.05,57.651,9.243,0.924,0.842,1.04,,,,,,,,,5878.0,143444.0,16.573,0.679,8092.0,0.935,0.062,16.2,tests performed,,,94.44,8655541.0,402.606,30.6,11.733,7.359,33132.32,0.5,93.32,6.74,15.4,35.4,,2.99,82.97,0.903
24670,ISR,Asia,Israel,2020-04-09,10249.0,343.0,445.286,89.0,9.0,7.286,1184.097,39.628,51.445,10.282,1.04,0.842,1.0,,,,,,,,,5748.0,149192.0,17.237,0.664,7453.0,0.861,0.06,16.7,tests performed,,,94.44,8655541.0,402.606,30.6,11.733,7.359,33132.32,0.5,93.32,6.74,15.4,35.4,,2.99,82.97,0.903
24671,ISR,Asia,Israel,2020-04-10,10607.0,358.0,411.143,97.0,8.0,7.714,1225.458,41.361,47.501,11.207,0.924,0.891,0.97,,,,,,,,,7347.0,156539.0,18.085,0.849,7027.0,0.812,0.059,17.1,tests performed,,,94.44,8655541.0,402.606,30.6,11.733,7.359,33132.32,0.5,93.32,6.74,15.4,35.4,,2.99,82.97,0.903
24672,ISR,Asia,Israel,2020-04-11,10952.0,345.0,399.286,103.0,6.0,7.714,1265.317,39.859,46.131,11.9,0.693,0.891,0.96,,,,,,,,,6702.0,163241.0,18.86,0.774,7076.0,0.818,0.056,17.7,tests performed,,,91.67,8655541.0,402.606,30.6,11.733,7.359,33132.32,0.5,93.32,6.74,15.4,35.4,,2.99,82.97,0.903
24673,ISR,Asia,Israel,2020-04-12,11504.0,552.0,394.857,109.0,6.0,7.571,1329.091,63.774,45.619,12.593,0.693,0.875,0.94,,,,,,,,,10598.0,173839.0,20.084,1.224,7248.0,0.837,0.054,18.4,tests performed,,,91.67,8655541.0,402.606,30.6,11.733,7.359,33132.32,0.5,93.32,6.74,15.4,35.4,,2.99,82.97,0.903
24674,ISR,Asia,Israel,2020-04-13,11942.0,438.0,393.0,118.0,9.0,7.714,1379.694,50.603,45.404,13.633,1.04,0.891,0.92,,,,,,,,,10950.0,184789.0,21.349,1.265,7741.0,0.894,0.051,19.7,tests performed,,,91.67,8655541.0,402.606,30.6,11.733,7.359,33132.32,0.5,93.32,6.74,15.4,35.4,,2.99,82.97,0.903
24675,ISR,Asia,Israel,2020-04-14,12341.0,399.0,396.143,126.0,8.0,7.714,1425.792,46.098,45.768,14.557,0.924,0.891,0.88,,,,,,,,,12678.0,197467.0,22.814,1.465,8557.0,0.989,0.046,21.6,tests performed,,,94.44,8655541.0,402.606,30.6,11.733,7.359,33132.32,0.5,93.32,6.74,15.4,35.4,,2.99,82.97,0.903
24676,ISR,Asia,Israel,2020-04-15,12652.0,311.0,392.286,139.0,13.0,8.429,1461.723,35.931,45.322,16.059,1.502,0.974,0.85,,,,,,,,,9450.0,206917.0,23.906,1.092,9068.0,1.048,0.043,23.1,tests performed,,,94.44,8655541.0,402.606,30.6,11.733,7.359,33132.32,0.5,93.32,6.74,15.4,35.4,,2.99,82.97,0.903
24677,ISR,Asia,Israel,2020-04-16,12948.0,296.0,385.571,146.0,7.0,8.143,1495.92,34.198,44.546,16.868,0.809,0.941,0.83,,,,,,,,,12789.0,219706.0,25.383,1.478,10073.0,1.164,0.038,26.1,tests performed,,,94.44,8655541.0,402.606,30.6,11.733,7.359,33132.32,0.5,93.32,6.74,15.4,35.4,,2.99,82.97,0.903
24678,ISR,Asia,Israel,2020-04-17,13246.0,298.0,377.0,155.0,9.0,8.286,1530.349,34.429,43.556,17.908,1.04,0.957,0.8,,,,,,,,,11595.0,231301.0,26.723,1.34,10680.0,1.234,0.035,28.3,tests performed,,,91.67,8655541.0,402.606,30.6,11.733,7.359,33132.32,0.5,93.32,6.74,15.4,35.4,,2.99,82.97,0.903
24679,ISR,Asia,Israel,2020-04-18,13537.0,291.0,369.286,166.0,11.0,9.0,1563.969,33.62,42.665,19.178,1.271,1.04,0.78,,,,,,,,,10606.0,241907.0,27.948,1.225,11238.0,1.298,0.033,30.4,tests performed,,,91.67,8655541.0,402.606,30.6,11.733,7.359,33132.32,0.5,93.32,6.74,15.4,35.4,,2.99,82.97,0.903
24680,ISR,Asia,Israel,2020-04-19,13813.0,276.0,329.857,174.0,8.0,9.286,1595.856,31.887,38.109,20.103,0.924,1.073,0.77,,,,,,,,,11479.0,253386.0,29.274,1.326,11364.0,1.313,0.029,34.5,tests performed,,,87.96,8655541.0,402.606,30.6,11.733,7.359,33132.32,0.5,93.32,6.74,15.4,35.4,,2.99,82.97,0.903
24681,ISR,Asia,Israel,2020-04-20,14112.0,299.0,310.0,180.0,6.0,8.857,1630.401,34.544,35.815,20.796,0.693,1.023,0.75,,,,,,,,,15367.0,268753.0,31.05,1.775,11995.0,1.386,0.026,38.7,tests performed,,,87.96,8655541.0,402.606,30.6,11.733,7.359,33132.32,0.5,93.32,6.74,15.4,35.4,,2.99,82.97,0.903
24682,ISR,Asia,Israel,2020-04-21,14394.0,282.0,293.286,189.0,9.0,9.0,1662.981,32.58,33.884,21.836,1.04,1.04,0.73,,,,,,,,,13612.0,282365.0,32.622,1.573,12128.0,1.401,0.024,41.4,tests performed,,,87.96,8655541.0,402.606,30.6,11.733,7.359,33132.32,0.5,93.32,6.74,15.4,35.4,,2.99,82.97,0.903
24683,ISR,Asia,Israel,2020-04-22,14619.0,225.0,281.0,192.0,3.0,7.571,1688.976,25.995,32.465,22.182,0.347,0.875,0.71,,,,,,,,,13293.0,295658.0,34.158,1.536,12677.0,1.465,0.022,45.1,tests performed,,,87.96,8655541.0,402.606,30.6,11.733,7.359,33132.32,0.5,93.32,6.74,15.4,35.4,,2.99,82.97,0.903
24684,ISR,Asia,Israel,2020-04-23,14895.0,276.0,278.143,196.0,4.0,7.143,1720.863,31.887,32.135,22.644,0.462,0.825,0.68,,,,,,,,,14183.0,309841.0,35.797,1.639,12876.0,1.488,0.022,46.3,tests performed,,,87.96,8655541.0,402.606,30.6,11.733,7.359,33132.32,0.5,93.32,6.74,15.4,35.4,,2.99,82.97,0.903
24685,ISR,Asia,Israel,2020-04-24,15143.0,248.0,271.0,199.0,3.0,6.286,1749.515,28.652,31.309,22.991,0.347,0.726,0.65,,,,,,,,,12627.0,322468.0,37.256,1.459,13024.0,1.505,0.021,48.1,tests performed,,,87.96,8655541.0,402.606,30.6,11.733,7.359,33132.32,0.5,93.32,6.74,15.4,35.4,,2.99,82.97,0.903
24686,ISR,Asia,Israel,2020-04-25,15302.0,159.0,252.143,202.0,3.0,5.143,1767.885,18.37,29.131,23.338,0.347,0.594,0.62,,,,,,,,,9077.0,331545.0,38.304,1.049,12805.0,1.479,0.02,50.8,tests performed,,,87.96,8655541.0,402.606,30.6,11.733,7.359,33132.32,0.5,93.32,6.74,15.4,35.4,,2.99,82.97,0.903
24687,ISR,Asia,Israel,2020-04-26,15385.0,83.0,224.571,204.0,2.0,4.286,1777.474,9.589,25.945,23.569,0.231,0.495,0.59,,,,,,,,,8464.0,340009.0,39.282,0.978,12375.0,1.43,0.018,55.1,tests performed,,,84.26,8655541.0,402.606,30.6,11.733,7.359,33132.32,0.5,93.32,6.74,15.4,35.4,,2.99,82.97,0.903
24688,ISR,Asia,Israel,2020-04-27,15513.0,128.0,200.143,208.0,4.0,4.0,1792.262,14.788,23.123,24.031,0.462,0.462,0.57,,,,,,,,,11508.0,351517.0,40.612,1.33,11823.0,1.366,0.017,59.1,tests performed,,,84.26,8655541.0,402.606,30.6,11.733,7.359,33132.32,0.5,93.32,6.74,15.4,35.4,,2.99,82.97,0.903
24689,ISR,Asia,Israel,2020-04-28,15672.0,159.0,182.571,213.0,5.0,3.429,1810.632,18.37,21.093,24.609,0.578,0.396,0.55,,,,,,,,,10640.0,362157.0,41.841,1.229,11399.0,1.317,0.016,62.4,tests performed,,,87.04,8655541.0,402.606,30.6,11.733,7.359,33132.32,0.5,93.32,6.74,15.4,35.4,,2.99,82.97,0.903
24690,ISR,Asia,Israel,2020-04-29,15754.0,82.0,162.143,219.0,6.0,3.857,1820.106,9.474,18.733,25.302,0.693,0.446,0.53,,,,,,,,,8996.0,371153.0,42.88,1.039,10785.0,1.246,0.015,66.5,tests performed,,,87.04,8655541.0,402.606,30.6,11.733,7.359,33132.32,0.5,93.32,6.74,15.4,35.4,,2.99,82.97,0.903
24691,ISR,Asia,Israel,2020-04-30,15896.0,142.0,143.0,225.0,6.0,4.143,1836.511,16.406,16.521,25.995,0.693,0.479,0.52,,,,,,,,,9930.0,381083.0,44.028,1.147,10177.0,1.176,0.014,71.2,tests performed,,,84.26,8655541.0,402.606,30.6,11.733,7.359,33132.32,0.5,93.32,6.74,15.4,35.4,,2.99,82.97,0.903
24692,ISR,Asia,Israel,2020-05-01,16012.0,116.0,124.143,229.0,4.0,4.286,1849.913,13.402,14.343,26.457,0.462,0.495,0.49,,,,,,,,,11052.0,392135.0,45.305,1.277,9952.0,1.15,0.012,80.2,tests performed,,,84.26,8655541.0,402.606,30.6,11.733,7.359,33132.32,0.5,93.32,6.74,15.4,35.4,,2.99,82.97,0.903
24693,ISR,Asia,Israel,2020-05-02,16069.0,57.0,109.571,232.0,3.0,4.286,1856.499,6.585,12.659,26.804,0.347,0.495,0.47,,,,,,,,,5568.0,397703.0,45.948,0.643,9451.0,1.092,0.012,86.3,tests performed,,,84.26,8655541.0,402.606,30.6,11.733,7.359,33132.32,0.5,93.32,6.74,15.4,35.4,,2.99,82.97,0.903
24694,ISR,Asia,Israel,2020-05-03,16096.0,27.0,101.571,235.0,3.0,4.429,1859.618,3.119,11.735,27.15,0.347,0.512,0.45,,,,,,,,,8029.0,405732.0,46.875,0.928,9389.0,1.085,0.011,92.4,tests performed,,,80.56,8655541.0,402.606,30.6,11.733,7.359,33132.32,0.5,93.32,6.74,15.4,35.4,,2.99,82.97,0.903
24695,ISR,Asia,Israel,2020-05-04,16149.0,53.0,90.857,238.0,3.0,4.286,1865.741,6.123,10.497,27.497,0.347,0.495,0.44,,,,,,,,,9258.0,414990.0,47.945,1.07,9068.0,1.048,0.01,99.8,tests performed,,,80.56,8655541.0,402.606,30.6,11.733,7.359,33132.32,0.5,93.32,6.74,15.4,35.4,,2.99,82.97,0.903
24696,ISR,Asia,Israel,2020-05-05,16181.0,32.0,72.714,240.0,2.0,3.857,1869.438,3.697,8.401,27.728,0.231,0.446,0.44,,,,,,,,,8957.0,423947.0,48.98,1.035,8827.0,1.02,0.008,121.4,tests performed,,,77.78,8655541.0,402.606,30.6,11.733,7.359,33132.32,0.5,93.32,6.74,15.4,35.4,,2.99,82.97,0.903
24697,ISR,Asia,Israel,2020-05-06,16246.0,65.0,70.286,241.0,1.0,3.143,1876.948,7.51,8.12,27.843,0.116,0.363,0.44,,,,,,,,,9467.0,433414.0,50.074,1.094,8894.0,1.028,0.008,126.5,tests performed,,,77.78,8655541.0,402.606,30.6,11.733,7.359,33132.32,0.5,93.32,6.74,15.4,35.4,,2.99,82.97,0.903
24698,ISR,Asia,Israel,2020-05-07,16307.0,61.0,58.714,242.0,1.0,2.429,1883.995,7.048,6.783,27.959,0.116,0.281,0.44,,,,,,,,,10119.0,443533.0,51.243,1.169,8921.0,1.031,0.007,151.9,tests performed,,,77.78,8655541.0,402.606,30.6,11.733,7.359,33132.32,0.5,93.32,6.74,15.4,35.4,,2.99,82.97,0.903
24699,ISR,Asia,Israel,2020-05-08,16340.0,33.0,46.857,248.0,6.0,2.714,1887.808,3.813,5.414,28.652,0.693,0.314,0.43,,,,,,,,,8157.0,451690.0,52.185,0.942,8508.0,0.983,0.006,181.6,tests performed,,,77.78,8655541.0,402.606,30.6,11.733,7.359,33132.32,0.5,93.32,6.74,15.4,35.4,,2.99,82.97,0.903
24700,ISR,Asia,Israel,2020-05-09,16359.0,19.0,41.429,251.0,3.0,2.714,1890.003,2.195,4.786,28.999,0.347,0.314,0.43,,,,,,,,,3868.0,455558.0,52.632,0.447,8265.0,0.955,0.005,199.5,tests performed,,,77.78,8655541.0,402.606,30.6,11.733,7.359,33132.32,0.5,93.32,6.74,15.4,35.4,,2.99,82.97,0.903
24701,ISR,Asia,Israel,2020-05-10,16388.0,29.0,41.714,255.0,4.0,2.857,1893.354,3.35,4.819,29.461,0.462,0.33,0.44,,,,,,,,,4944.0,460502.0,53.203,0.571,7824.0,0.904,0.005,187.6,tests performed,,,77.78,8655541.0,402.606,30.6,11.733,7.359,33132.32,0.5,93.32,6.74,15.4,35.4,,2.99,82.97,0.903
24702,ISR,Asia,Israel,2020-05-11,16427.0,39.0,39.714,260.0,5.0,3.143,1897.859,4.506,4.588,30.039,0.578,0.363,0.45,,,,,,,,,9216.0,469718.0,54.268,1.065,7818.0,0.903,0.005,196.9,tests performed,,,77.78,8655541.0,402.606,30.6,11.733,7.359,33132.32,0.5,93.32,6.74,15.4,35.4,,2.99,82.97,0.903
24703,ISR,Asia,Israel,2020-05-12,16450.0,23.0,38.429,263.0,3.0,3.286,1900.517,2.657,4.44,30.385,0.347,0.38,0.46,,,,,,,,,7538.0,477256.0,55.139,0.871,7616.0,0.88,0.005,198.2,tests performed,,,77.78,8655541.0,402.606,30.6,11.733,7.359,33132.32,0.5,93.32,6.74,15.4,35.4,,2.99,82.97,0.903
24704,ISR,Asia,Israel,2020-05-13,16489.0,39.0,34.714,266.0,3.0,3.571,1905.022,4.506,4.011,30.732,0.347,0.413,0.48,,,,,,,,,8272.0,485528.0,56.094,0.956,7445.0,0.86,0.005,214.5,tests performed,,,77.78,8655541.0,402.606,30.6,11.733,7.359,33132.32,0.5,93.32,6.74,15.4,35.4,,2.99,82.97,0.903
24705,ISR,Asia,Israel,2020-05-14,16511.0,22.0,29.143,268.0,2.0,3.714,1907.564,2.542,3.367,30.963,0.231,0.429,0.49,,,,,,,,,8416.0,493944.0,57.067,0.972,7202.0,0.832,0.004,247.1,tests performed,,,77.78,8655541.0,402.606,30.6,11.733,7.359,33132.32,0.5,93.32,6.74,15.4,35.4,,2.99,82.97,0.903
24706,ISR,Asia,Israel,2020-05-15,16523.0,12.0,26.143,268.0,0.0,2.857,1908.951,1.386,3.02,30.963,0.0,0.33,0.5,,,,,,,,,5696.0,499640.0,57.725,0.658,6850.0,0.791,0.004,262.0,tests performed,,,77.78,8655541.0,402.606,30.6,11.733,7.359,33132.32,0.5,93.32,6.74,15.4,35.4,,2.99,82.97,0.903
24707,ISR,Asia,Israel,2020-05-16,16528.0,5.0,24.143,271.0,3.0,2.857,1909.528,0.578,2.789,31.309,0.347,0.33,0.53,,,,,,,,,1502.0,501142.0,57.898,0.174,6512.0,0.752,0.004,269.7,tests performed,,,77.78,8655541.0,402.606,30.6,11.733,7.359,33132.32,0.5,93.32,6.74,15.4,35.4,,2.99,82.97,0.903
24708,ISR,Asia,Israel,2020-05-17,16543.0,15.0,22.143,275.0,4.0,2.857,1911.261,1.733,2.558,31.772,0.462,0.33,0.57,,,,,,,,,4633.0,505775.0,58.434,0.535,6468.0,0.747,0.003,292.1,tests performed,,,77.78,8655541.0,402.606,30.6,11.733,7.359,33132.32,0.5,93.32,6.74,15.4,35.4,,2.99,82.97,0.903
24709,ISR,Asia,Israel,2020-05-18,16570.0,27.0,20.429,278.0,3.0,2.571,1914.381,3.119,2.36,32.118,0.347,0.297,0.62,,,,,,,,,7692.0,513467.0,59.322,0.889,6250.0,0.722,0.003,305.9,tests performed,,,77.78,8655541.0,402.606,30.6,11.733,7.359,33132.32,0.5,93.32,6.74,15.4,35.4,,2.99,82.97,0.903
24710,ISR,Asia,Israel,2020-05-19,16592.0,22.0,20.286,280.0,2.0,2.429,1916.922,2.542,2.344,32.349,0.231,0.281,0.67,,,,,,,,,7142.0,520609.0,60.147,0.825,6193.0,0.715,0.003,305.3,tests performed,,,77.78,8655541.0,402.606,30.6,11.733,7.359,33132.32,0.5,93.32,6.74,15.4,35.4,,2.99,82.97,0.903
24711,ISR,Asia,Israel,2020-05-20,16607.0,15.0,16.857,281.0,1.0,2.143,1918.655,1.733,1.948,32.465,0.116,0.248,0.72,,,,,,,,,5968.0,526577.0,60.837,0.69,5864.0,0.677,0.003,347.9,tests performed,,,75.0,8655541.0,402.606,30.6,11.733,7.359,33132.32,0.5,93.32,6.74,15.4,35.4,,2.99,82.97,0.903
24712,ISR,Asia,Israel,2020-05-21,16624.0,17.0,16.143,281.0,0.0,1.857,1920.619,1.964,1.865,32.465,0.0,0.215,0.78,,,,,,,,,6164.0,532741.0,61.549,0.712,5542.0,0.64,0.003,343.3,tests performed,,,75.0,8655541.0,402.606,30.6,11.733,7.359,33132.32,0.5,93.32,6.74,15.4,35.4,,2.99,82.97,0.903
24713,ISR,Asia,Israel,2020-05-22,16643.0,19.0,17.143,281.0,0.0,1.857,1922.815,2.195,1.981,32.465,0.0,0.215,0.85,,,,,,,,,4995.0,537736.0,62.126,0.577,5442.0,0.629,0.003,317.4,tests performed,,,75.0,8655541.0,402.606,30.6,11.733,7.359,33132.32,0.5,93.32,6.74,15.4,35.4,,2.99,82.97,0.903
24714,ISR,Asia,Israel,2020-05-23,16648.0,5.0,17.143,281.0,0.0,1.429,1923.392,0.578,1.981,32.465,0.0,0.165,0.93,,,,,,,,,718.0,538454.0,62.209,0.083,5330.0,0.616,0.003,310.9,tests performed,,,75.0,8655541.0,402.606,30.6,11.733,7.359,33132.32,0.5,93.32,6.74,15.4,35.4,,2.99,82.97,0.903
24715,ISR,Asia,Israel,2020-05-24,16661.0,13.0,16.857,282.0,1.0,1.0,1924.894,1.502,1.948,32.58,0.116,0.116,1.04,,,,,,,,,3808.0,542262.0,62.649,0.44,5212.0,0.602,0.003,309.2,tests performed,,,75.0,8655541.0,402.606,30.6,11.733,7.359,33132.32,0.5,93.32,6.74,15.4,35.4,,2.99,82.97,0.903
24716,ISR,Asia,Israel,2020-05-25,16683.0,22.0,16.143,284.0,2.0,0.857,1927.436,2.542,1.865,32.811,0.231,0.099,1.18,,,,,,,,,5333.0,547595.0,63.265,0.616,4875.0,0.563,0.003,302.0,tests performed,,,75.0,8655541.0,402.606,30.6,11.733,7.359,33132.32,0.5,93.32,6.74,15.4,35.4,,2.99,82.97,0.903
24717,ISR,Asia,Israel,2020-05-26,16733.0,50.0,20.143,284.0,0.0,0.571,1933.212,5.777,2.327,32.811,0.0,0.066,1.32,,,,,,,,,6819.0,554414.0,64.053,0.788,4829.0,0.558,0.004,239.7,tests performed,,,75.0,8655541.0,402.606,30.6,11.733,7.359,33132.32,0.5,93.32,6.74,15.4,35.4,,2.99,82.97,0.903
24718,ISR,Asia,Israel,2020-05-27,16773.0,40.0,23.714,286.0,2.0,0.714,1937.834,4.621,2.74,33.042,0.231,0.083,1.43,,,,,,,,,6728.0,561142.0,64.83,0.777,4938.0,0.571,0.005,208.2,tests performed,,,75.0,8655541.0,402.606,30.6,11.733,7.359,33132.32,0.5,93.32,6.74,15.4,35.4,,2.99,82.97,0.903
24719,ISR,Asia,Israel,2020-05-28,16850.0,77.0,32.286,287.0,1.0,0.857,1946.73,8.896,3.73,33.158,0.116,0.099,1.53,,,,,,,,,5352.0,566494.0,65.449,0.618,4822.0,0.557,0.007,149.4,tests performed,,,75.0,8655541.0,402.606,30.6,11.733,7.359,33132.32,0.5,93.32,6.74,15.4,35.4,,2.99,82.97,0.903
24720,ISR,Asia,Israel,2020-05-29,16963.0,113.0,45.714,287.0,0.0,0.857,1959.785,13.055,5.282,33.158,0.0,0.099,1.59,,,,,,,,,1863.0,568357.0,65.664,0.215,4374.0,0.505,0.01,95.7,tests performed,,,75.0,8655541.0,402.606,30.6,11.733,7.359,33132.32,0.5,93.32,6.74,15.4,35.4,,2.99,82.97,0.903
24721,ISR,Asia,Israel,2020-05-30,16992.0,29.0,49.143,287.0,0.0,0.857,1963.136,3.35,5.678,33.158,0.0,0.099,1.58,,,,,,,,,1059.0,569416.0,65.786,0.122,4423.0,0.511,0.011,90.0,tests performed,,,75.0,8655541.0,402.606,30.6,11.733,7.359,33132.32,0.5,93.32,6.74,15.4,35.4,,2.99,82.97,0.903
24722,ISR,Asia,Israel,2020-05-31,17079.0,87.0,59.714,287.0,0.0,0.714,1973.187,10.051,6.899,33.158,0.0,0.083,1.61,,,,,,,,,5640.0,575056.0,66.438,0.652,4685.0,0.541,0.013,78.5,tests performed,,,75.0,8655541.0,402.606,30.6,11.733,7.359,33132.32,0.5,93.32,6.74,15.4,35.4,,2.99,82.97,0.903
24723,ISR,Asia,Israel,2020-06-01,17179.0,100.0,70.857,290.0,3.0,0.857,1984.74,11.553,8.186,33.505,0.347,0.099,1.63,,,,,,,,,8155.0,583211.0,67.38,0.942,5088.0,0.588,0.014,71.8,tests performed,,,75.0,8655541.0,402.606,30.6,11.733,7.359,33132.32,0.5,93.32,6.74,15.4,35.4,,2.99,82.97,0.903
24724,ISR,Asia,Israel,2020-06-02,17300.0,121.0,81.0,292.0,2.0,1.143,1998.72,13.979,9.358,33.736,0.231,0.132,1.64,,,,,,,,,11757.0,594968.0,68.738,1.358,5793.0,0.669,0.014,71.5,tests performed,,,75.0,8655541.0,402.606,30.6,11.733,7.359,33132.32,0.5,93.32,6.74,15.4,35.4,,2.99,82.97,0.903
24725,ISR,Asia,Israel,2020-06-03,17397.0,97.0,89.143,293.0,1.0,1.0,2009.926,11.207,10.299,33.851,0.116,0.116,1.62,,,,,,,,,13209.0,608177.0,70.264,1.526,6719.0,0.776,0.013,75.4,tests performed,,,75.0,8655541.0,402.606,30.6,11.733,7.359,33132.32,0.5,93.32,6.74,15.4,35.4,,2.99,82.97,0.903
24726,ISR,Asia,Israel,2020-06-04,17539.0,142.0,98.429,293.0,0.0,0.857,2026.332,16.406,11.372,33.851,0.0,0.099,1.61,,,,,,,,,14899.0,623076.0,71.986,1.721,8083.0,0.934,0.012,82.1,tests performed,,,75.0,8655541.0,402.606,30.6,11.733,7.359,33132.32,0.5,93.32,6.74,15.4,35.4,,2.99,82.97,0.903
24727,ISR,Asia,Israel,2020-06-05,17666.0,127.0,100.429,294.0,1.0,1.0,2041.005,14.673,11.603,33.967,0.116,0.116,1.58,,,,,,,,,16474.0,639550.0,73.889,1.903,10170.0,1.175,0.01,101.3,tests performed,,,75.0,8655541.0,402.606,30.6,11.733,7.359,33132.32,0.5,93.32,6.74,15.4,35.4,,2.99,82.97,0.903
24728,ISR,Asia,Israel,2020-06-06,17744.0,78.0,107.429,298.0,4.0,1.571,2050.016,9.012,12.412,34.429,0.462,0.182,1.56,,,,,,,,,11537.0,651087.0,75.222,1.333,11667.0,1.348,0.009,108.6,tests performed,,,75.0,8655541.0,402.606,30.6,11.733,7.359,33132.32,0.5,93.32,6.74,15.4,35.4,,2.99,82.97,0.903
24729,ISR,Asia,Israel,2020-06-07,17884.0,140.0,115.0,300.0,2.0,1.857,2066.191,16.175,13.286,34.66,0.231,0.215,1.57,,,,,,,,,15098.0,666185.0,76.966,1.744,13018.0,1.504,0.009,113.2,tests performed,,,75.0,8655541.0,402.606,30.6,11.733,7.359,33132.32,0.5,93.32,6.74,15.4,35.4,,2.99,82.97,0.903
24730,ISR,Asia,Israel,2020-06-08,18063.0,179.0,126.286,300.0,0.0,1.429,2086.871,20.68,14.59,34.66,0.0,0.165,1.57,,,,,,,,,14644.0,680829.0,78.658,1.692,13945.0,1.611,0.009,110.4,tests performed,,,75.0,8655541.0,402.606,30.6,11.733,7.359,33132.32,0.5,93.32,6.74,15.4,35.4,,2.99,82.97,0.903
24731,ISR,Asia,Israel,2020-06-09,18236.0,173.0,133.714,301.0,1.0,1.286,2106.858,19.987,15.448,34.775,0.116,0.149,1.56,,,,,,,,,15064.0,695893.0,80.399,1.74,14418.0,1.666,0.009,107.8,tests performed,,,75.0,8655541.0,402.606,30.6,11.733,7.359,33132.32,0.5,93.32,6.74,15.4,35.4,,2.99,82.97,0.903
24732,ISR,Asia,Israel,2020-06-10,18476.0,240.0,154.143,302.0,1.0,1.286,2134.586,27.728,17.809,34.891,0.116,0.149,1.55,,,,,,,,,18484.0,714377.0,82.534,2.136,15171.0,1.753,0.01,98.4,tests performed,,,75.0,8655541.0,402.606,30.6,11.733,7.359,33132.32,0.5,93.32,6.74,15.4,35.4,,2.99,82.97,0.903
24733,ISR,Asia,Israel,2020-06-11,18667.0,191.0,161.143,302.0,0.0,1.286,2156.653,22.067,18.617,34.891,0.0,0.149,1.51,,,,,,,,,15809.0,730186.0,84.361,1.826,15301.0,1.768,0.011,95.0,tests performed,,,75.0,8655541.0,402.606,30.6,11.733,7.359,33132.32,0.5,93.32,6.74,15.4,35.4,,2.99,82.97,0.903
24734,ISR,Asia,Israel,2020-06-12,18851.0,184.0,169.286,302.0,0.0,1.143,2177.911,21.258,19.558,34.891,0.0,0.132,1.48,,,,,,,,,13132.0,743318.0,85.878,1.517,14824.0,1.713,0.011,87.6,tests performed,,,75.0,8655541.0,402.606,30.6,11.733,7.359,33132.32,0.5,93.32,6.74,15.4,35.4,,2.99,82.97,0.903
24735,ISR,Asia,Israel,2020-06-13,19000.0,149.0,179.429,303.0,1.0,0.714,2195.126,17.214,20.73,35.006,0.116,0.083,1.45,,,,,,,,,6987.0,750305.0,86.685,0.807,14174.0,1.638,0.013,79.0,tests performed,,,75.0,8655541.0,402.606,30.6,11.733,7.359,33132.32,0.5,93.32,6.74,15.4,35.4,,2.99,82.97,0.903
24736,ISR,Asia,Israel,2020-06-14,19136.0,136.0,178.857,305.0,2.0,0.714,2210.838,15.712,20.664,35.238,0.231,0.083,1.44,,,,,,,,,8840.0,759145.0,87.706,1.021,13280.0,1.534,0.013,74.2,tests performed,,,75.0,8655541.0,402.606,30.6,11.733,7.359,33132.32,0.5,93.32,6.74,15.4,35.4,,2.99,82.97,0.903
24737,ISR,Asia,Israel,2020-06-15,19334.0,198.0,181.571,305.0,0.0,0.714,2233.714,22.876,20.977,35.238,0.0,0.083,1.45,,,,,,,,,14436.0,773581.0,89.374,1.668,13250.0,1.531,0.014,73.0,tests performed,,,75.0,8655541.0,402.606,30.6,11.733,7.359,33132.32,0.5,93.32,6.74,15.4,35.4,,2.99,82.97,0.903
24738,ISR,Asia,Israel,2020-06-16,19634.0,300.0,199.714,306.0,1.0,0.714,2268.374,34.66,23.074,35.353,0.116,0.083,1.47,,,,,,,,,16239.0,789820.0,91.25,1.876,13418.0,1.55,0.015,67.2,tests performed,,,75.0,8655541.0,402.606,30.6,11.733,7.359,33132.32,0.5,93.32,6.74,15.4,35.4,,2.99,82.97,0.903
24739,ISR,Asia,Israel,2020-06-17,19905.0,271.0,204.143,306.0,0.0,0.571,2299.683,31.309,23.585,35.353,0.0,0.066,1.47,,,,,,,,,16024.0,805844.0,93.102,1.851,13067.0,1.51,0.016,64.0,tests performed,,,75.0,8655541.0,402.606,30.6,11.733,7.359,33132.32,0.5,93.32,6.74,15.4,35.4,,2.99,82.97,0.903
24740,ISR,Asia,Israel,2020-06-18,20207.0,302.0,220.0,306.0,0.0,0.571,2334.574,34.891,25.417,35.353,0.0,0.066,1.47,,,,,,,,,17392.0,823236.0,95.111,2.009,13293.0,1.536,0.017,60.4,tests performed,,,75.0,8655541.0,402.606,30.6,11.733,7.359,33132.32,0.5,93.32,6.74,15.4,35.4,,2.99,82.97,0.903
24741,ISR,Asia,Israel,2020-06-19,20517.0,310.0,238.0,307.0,1.0,0.714,2370.389,35.815,27.497,35.469,0.116,0.083,1.46,,,,,,,,,12787.0,836023.0,96.588,1.477,13244.0,1.53,0.018,55.6,tests performed,,,75.0,8655541.0,402.606,30.6,11.733,7.359,33132.32,0.5,93.32,6.74,15.4,35.4,,2.99,82.97,0.903
24742,ISR,Asia,Israel,2020-06-20,20676.0,159.0,239.429,308.0,1.0,0.714,2388.759,18.37,27.662,35.584,0.116,0.083,1.44,,,,,,,,,6010.0,842033.0,97.283,0.694,13104.0,1.514,0.018,54.7,tests performed,,,75.0,8655541.0,402.606,30.6,11.733,7.359,33132.32,0.5,93.32,6.74,15.4,35.4,,2.99,82.97,0.903
24743,ISR,Asia,Israel,2020-06-21,20849.0,173.0,244.714,308.0,0.0,0.429,2408.746,19.987,28.273,35.584,0.0,0.05,1.46,,,,,,,,,9152.0,851185.0,98.34,1.057,13149.0,1.519,0.019,53.7,tests performed,,,75.0,8655541.0,402.606,30.6,11.733,7.359,33132.32,0.5,93.32,6.74,15.4,35.4,,2.99,82.97,0.903
24744,ISR,Asia,Israel,2020-06-22,21194.0,345.0,265.714,309.0,1.0,0.571,2448.605,39.859,30.699,35.7,0.116,0.066,1.5,,,,,,,,,14009.0,865194.0,99.958,1.619,13088.0,1.512,0.02,49.3,tests performed,,,75.0,8655541.0,402.606,30.6,11.733,7.359,33132.32,0.5,93.32,6.74,15.4,35.4,,2.99,82.97,0.903
24745,ISR,Asia,Israel,2020-06-23,21645.0,451.0,287.286,311.0,2.0,0.714,2500.71,52.105,33.191,35.931,0.231,0.083,1.54,,,,,,,,,19847.0,885041.0,102.251,2.293,13603.0,1.572,0.021,47.4,tests performed,,,75.0,8655541.0,402.606,30.6,11.733,7.359,33132.32,0.5,93.32,6.74,15.4,35.4,,2.99,82.97,0.903
24746,ISR,Asia,Israel,2020-06-24,22132.0,487.0,318.143,314.0,3.0,1.143,2556.975,56.265,36.756,36.277,0.347,0.132,1.56,,,,,,,,,18393.0,903434.0,104.376,2.125,13941.0,1.611,0.023,43.8,tests performed,,,75.0,8655541.0,402.606,30.6,11.733,7.359,33132.32,0.5,93.32,6.74,15.4,35.4,,2.99,82.97,0.903
24747,ISR,Asia,Israel,2020-06-25,22648.0,516.0,348.714,318.0,4.0,1.714,2616.59,59.615,40.288,36.739,0.462,0.198,1.56,,,,,,,,,18666.0,922100.0,106.533,2.157,14123.0,1.632,0.025,40.5,tests performed,,,75.0,8655541.0,402.606,30.6,11.733,7.359,33132.32,0.5,93.32,6.74,15.4,35.4,,2.99,82.97,0.903
24748,ISR,Asia,Israel,2020-06-26,23112.0,464.0,370.714,321.0,3.0,2.0,2670.197,53.607,42.83,37.086,0.347,0.231,1.55,,,,,,,,,16531.0,938631.0,108.443,1.91,14658.0,1.693,0.025,39.5,tests performed,,,75.0,8655541.0,402.606,30.6,11.733,7.359,33132.32,0.5,93.32,6.74,15.4,35.4,,2.99,82.97,0.903
24749,ISR,Asia,Israel,2020-06-27,23510.0,398.0,404.857,324.0,3.0,2.286,2716.179,45.982,46.774,37.433,0.347,0.264,1.55,,,,,,,,,10489.0,949120.0,109.655,1.212,15298.0,1.767,0.026,37.8,tests performed,,,75.0,8655541.0,402.606,30.6,11.733,7.359,33132.32,0.5,93.32,6.74,15.4,35.4,,2.99,82.97,0.903
24750,ISR,Asia,Israel,2020-06-28,23895.0,385.0,435.143,326.0,2.0,2.571,2760.659,44.48,50.273,37.664,0.231,0.297,1.57,,,,,,,,,10389.0,959509.0,110.855,1.2,15475.0,1.788,0.028,35.6,tests performed,,,75.0,8655541.0,402.606,30.6,11.733,7.359,33132.32,0.5,93.32,6.74,15.4,35.4,,2.99,82.97,0.903
24751,ISR,Asia,Israel,2020-06-29,24652.0,757.0,494.0,326.0,0.0,2.429,2848.118,87.458,57.073,37.664,0.0,0.281,1.61,,,,,,,,,21017.0,980526.0,113.283,2.428,16476.0,1.904,0.03,33.4,tests performed,,,75.0,8655541.0,402.606,30.6,11.733,7.359,33132.32,0.5,93.32,6.74,15.4,35.4,,2.99,82.97,0.903
24752,ISR,Asia,Israel,2020-06-30,25438.0,786.0,541.857,327.0,1.0,2.286,2938.927,90.809,62.602,37.779,0.116,0.264,1.63,,,,,,,,,20840.0,1001366.0,115.691,2.408,16618.0,1.92,0.033,30.7,tests performed,,,69.44,8655541.0,402.606,30.6,11.733,7.359,33132.32,0.5,93.32,6.74,15.4,35.4,,2.99,82.97,0.903
24753,ISR,Asia,Israel,2020-07-01,26410.0,972.0,611.143,330.0,3.0,2.286,3051.225,112.298,70.607,38.126,0.347,0.264,1.63,,,,,,,,,21460.0,1022826.0,118.17,2.479,17056.0,1.971,0.036,27.9,tests performed,,,69.44,8655541.0,402.606,30.6,11.733,7.359,33132.32,0.5,93.32,6.74,15.4,35.4,,2.99,82.97,0.903
24754,ISR,Asia,Israel,2020-07-02,27556.0,1146.0,701.143,331.0,1.0,1.857,3183.625,132.401,81.005,38.241,0.116,0.215,1.61,,,,,,,,,25041.0,1047867.0,121.063,2.893,17967.0,2.076,0.039,25.6,tests performed,,,69.44,8655541.0,402.606,30.6,11.733,7.359,33132.32,0.5,93.32,6.74,15.4,35.4,,2.99,82.97,0.903
24755,ISR,Asia,Israel,2020-07-03,28495.0,939.0,769.0,334.0,3.0,1.857,3292.111,108.485,88.845,38.588,0.347,0.215,1.57,,,,,,,,,20951.0,1068818.0,123.484,2.421,18598.0,2.149,0.041,24.2,tests performed,,,69.44,8655541.0,402.606,30.6,11.733,7.359,33132.32,0.5,93.32,6.74,15.4,35.4,,2.99,82.97,0.903
24756,ISR,Asia,Israel,2020-07-04,29316.0,821.0,829.429,339.0,5.0,2.143,3386.963,94.853,95.826,39.166,0.578,0.248,1.54,,,,,,,,,17308.0,1086126.0,125.483,2.0,19572.0,2.261,0.042,23.6,tests performed,,,69.44,8655541.0,402.606,30.6,11.733,7.359,33132.32,0.5,93.32,6.74,15.4,35.4,,2.99,82.97,0.903
24757,ISR,Asia,Israel,2020-07-05,30147.0,831.0,893.143,341.0,2.0,2.143,3482.971,96.008,103.187,39.397,0.231,0.248,1.52,,,,,,,,,21112.0,1107238.0,127.922,2.439,21104.0,2.438,0.042,23.6,tests performed,,,69.44,8655541.0,402.606,30.6,11.733,7.359,33132.32,0.5,93.32,6.74,15.4,35.4,,2.99,82.97,0.903
24758,ISR,Asia,Israel,2020-07-06,31281.0,1134.0,947.0,349.0,8.0,3.286,3613.986,131.014,109.41,40.321,0.924,0.38,1.51,,,,,,,,,25601.0,1132839.0,130.88,2.958,21759.0,2.514,0.044,23.0,tests performed,,,75.93,8655541.0,402.606,30.6,11.733,7.359,33132.32,0.5,93.32,6.74,15.4,35.4,,2.99,82.97,0.903
24759,ISR,Asia,Israel,2020-07-07,32671.0,1390.0,1033.286,354.0,5.0,3.857,3774.576,160.591,119.379,40.899,0.578,0.446,1.5,,,,,,,,,28634.0,1161473.0,134.188,3.308,22872.0,2.642,0.045,22.1,tests performed,,,75.93,8655541.0,402.606,30.6,11.733,7.359,33132.32,0.5,93.32,6.74,15.4,35.4,,2.99,82.97,0.903
24760,ISR,Asia,Israel,2020-07-08,33998.0,1327.0,1084.0,359.0,5.0,4.143,3927.889,153.312,125.238,41.476,0.578,0.479,1.47,,,,,,,,,29420.0,1190893.0,137.587,3.399,24010.0,2.774,0.045,22.1,tests performed,,,75.93,8655541.0,402.606,30.6,11.733,7.359,33132.32,0.5,93.32,6.74,15.4,35.4,,2.99,82.97,0.903
24761,ISR,Asia,Israel,2020-07-09,35523.0,1525.0,1138.143,364.0,5.0,4.714,4104.076,176.188,131.493,42.054,0.578,0.545,1.45,,,,,,,,,29988.0,1220881.0,141.052,3.465,24716.0,2.856,0.046,21.7,tests performed,,,75.93,8655541.0,402.606,30.6,11.733,7.359,33132.32,0.5,93.32,6.74,15.4,35.4,,2.99,82.97,0.903
24762,ISR,Asia,Israel,2020-07-10,36932.0,1409.0,1205.286,368.0,4.0,4.857,4266.862,162.786,139.25,42.516,0.462,0.561,1.41,,,,,,,,,25829.0,1246710.0,144.036,2.984,25413.0,2.936,0.047,21.1,tests performed,,,75.93,8655541.0,402.606,30.6,11.733,7.359,33132.32,0.5,93.32,6.74,15.4,35.4,,2.99,82.97,0.903
24763,ISR,Asia,Israel,2020-07-11,38100.0,1168.0,1254.857,373.0,5.0,4.857,4401.805,134.942,144.977,43.094,0.578,0.561,1.38,,,,,,,,,20468.0,1267178.0,146.401,2.365,25865.0,2.988,0.049,20.6,tests performed,,,75.93,8655541.0,402.606,30.6,11.733,7.359,33132.32,0.5,93.32,6.74,15.4,35.4,,2.99,82.97,0.903
24764,ISR,Asia,Israel,2020-07-12,39338.0,1238.0,1313.0,380.0,7.0,5.571,4544.834,143.03,151.695,43.903,0.809,0.644,1.36,,,,,,,,,21762.0,1288940.0,148.915,2.514,25957.0,2.999,0.051,19.8,tests performed,,,75.93,8655541.0,402.606,30.6,11.733,7.359,33132.32,0.5,93.32,6.74,15.4,35.4,,2.99,82.97,0.903
24765,ISR,Asia,Israel,2020-07-13,41058.0,1720.0,1396.714,384.0,4.0,5.0,4743.551,198.717,161.366,44.365,0.462,0.578,1.35,,,,,,,,,29247.0,1318187.0,152.294,3.379,26478.0,3.059,0.053,19.0,tests performed,,,68.52,8655541.0,402.606,30.6,11.733,7.359,33132.32,0.5,93.32,6.74,15.4,35.4,,2.99,82.97,0.903
24766,ISR,Asia,Israel,2020-07-14,42662.0,1604.0,1427.286,391.0,7.0,5.286,4928.866,185.315,164.898,45.173,0.809,0.611,1.33,,,,,,,,,31750.0,1349937.0,155.962,3.668,26923.0,3.11,0.053,18.9,tests performed,,,68.52,8655541.0,402.606,30.6,11.733,7.359,33132.32,0.5,93.32,6.74,15.4,35.4,,2.99,82.97,0.903
24767,ISR,Asia,Israel,2020-07-15,44539.0,1877.0,1505.857,397.0,6.0,5.429,5145.721,216.855,173.976,45.867,0.693,0.627,1.3,,,,,,,,,30692.0,1380629.0,159.508,3.546,27105.0,3.132,0.056,18.0,tests performed,,,68.52,8655541.0,402.606,30.6,11.733,7.359,33132.32,0.5,93.32,6.74,15.4,35.4,,2.99,82.97,0.903
24768,ISR,Asia,Israel,2020-07-16,46478.0,1939.0,1565.0,406.0,9.0,6.0,5369.739,224.018,180.809,46.906,1.04,0.693,1.27,,,,,,,,,31078.0,1411707.0,163.099,3.591,27261.0,3.15,0.057,17.4,tests performed,,,68.52,8655541.0,402.606,30.6,11.733,7.359,33132.32,0.5,93.32,6.74,15.4,35.4,,2.99,82.97,0.903
24769,ISR,Asia,Israel,2020-07-17,48083.0,1605.0,1593.0,418.0,12.0,7.143,5555.17,185.43,184.044,48.293,1.386,0.825,1.24,,,,,,,,,25732.0,1437439.0,166.072,2.973,27247.0,3.148,0.058,17.1,tests performed,,,68.52,8655541.0,402.606,30.6,11.733,7.359,33132.32,0.5,93.32,6.74,15.4,35.4,,2.99,82.97,0.903
24770,ISR,Asia,Israel,2020-07-18,49531.0,1448.0,1633.0,426.0,8.0,7.571,5722.461,167.292,188.665,49.217,0.924,0.875,1.21,,,,,,,,,20457.0,1457896.0,168.435,2.363,27245.0,3.148,0.06,16.7,tests performed,,,54.63,8655541.0,402.606,30.6,11.733,7.359,33132.32,0.5,93.32,6.74,15.4,35.4,,2.99,82.97,0.903
24771,ISR,Asia,Israel,2020-07-19,50547.0,1016.0,1601.286,436.0,10.0,8.0,5839.843,117.381,185.001,50.372,1.155,0.924,1.18,,,,,,,,,19846.0,1477742.0,170.728,2.293,26972.0,3.116,0.059,16.8,tests performed,,,54.63,8655541.0,402.606,30.6,11.733,7.359,33132.32,0.5,93.32,6.74,15.4,35.4,,2.99,82.97,0.903
24772,ISR,Asia,Israel,2020-07-20,52434.0,1887.0,1625.143,448.0,12.0,9.143,6057.854,218.011,187.758,51.759,1.386,1.056,1.18,,,,,,,,,27608.0,1505350.0,173.917,3.19,26738.0,3.089,0.061,16.5,tests performed,,,54.63,8655541.0,402.606,30.6,11.733,7.359,33132.32,0.5,93.32,6.74,15.4,35.4,,2.99,82.97,0.903
24773,ISR,Asia,Israel,2020-07-21,54440.0,2006.0,1682.571,457.0,9.0,9.429,6289.613,231.759,194.392,52.799,1.04,1.089,1.17,,,,,,,,,30177.0,1535527.0,177.404,3.486,26513.0,3.063,0.063,15.8,tests performed,,,54.63,8655541.0,402.606,30.6,11.733,7.359,33132.32,0.5,93.32,6.74,15.4,35.4,,2.99,82.97,0.903
24774,ISR,Asia,Israel,2020-07-22,56484.0,2044.0,1706.429,463.0,6.0,9.429,6525.762,236.149,197.149,53.492,0.693,1.089,1.15,,,,,,,,,28807.0,1564334.0,180.732,3.328,26244.0,3.032,0.065,15.4,tests performed,,,54.63,8655541.0,402.606,30.6,11.733,7.359,33132.32,0.5,93.32,6.74,15.4,35.4,,2.99,82.97,0.903
24775,ISR,Asia,Israel,2020-07-23,58474.0,1990.0,1713.714,479.0,16.0,10.429,6755.672,229.911,197.99,55.34,1.849,1.205,1.13,,,,,,,,,32536.0,1596870.0,184.491,3.759,26452.0,3.056,0.065,15.4,tests performed,,,54.63,8655541.0,402.606,30.6,11.733,7.359,33132.32,0.5,93.32,6.74,15.4,35.4,,2.99,82.97,0.903
24776,ISR,Asia,Israel,2020-07-24,60304.0,1830.0,1745.857,487.0,8.0,9.857,6967.098,211.425,201.704,56.265,0.924,1.139,1.1,,,,,,,,,24400.0,1621270.0,187.31,2.819,26262.0,3.034,0.066,15.0,tests performed,,,54.63,8655541.0,402.606,30.6,11.733,7.359,33132.32,0.5,93.32,6.74,15.4,35.4,,2.99,82.97,0.903
24777,ISR,Asia,Israel,2020-07-25,61416.0,1112.0,1697.857,494.0,7.0,9.714,7095.57,128.473,196.158,57.073,0.809,1.122,1.07,,,,,,,,,15486.0,1636756.0,189.099,1.789,25551.0,2.952,0.066,15.0,tests performed,,,54.63,8655541.0,402.606,30.6,11.733,7.359,33132.32,0.5,93.32,6.74,15.4,35.4,,2.99,82.97,0.903
24778,ISR,Asia,Israel,2020-07-26,62458.0,1042.0,1701.571,505.0,11.0,9.857,7215.956,120.385,196.588,58.344,1.271,1.139,1.05,,,,,,,,,12204.0,1648960.0,190.509,1.41,24460.0,2.826,0.07,14.4,tests performed,,,54.63,8655541.0,402.606,30.6,11.733,7.359,33132.32,0.5,93.32,6.74,15.4,35.4,,2.99,82.97,0.903
24779,ISR,Asia,Israel,2020-07-27,64506.0,2048.0,1724.571,512.0,7.0,9.143,7452.567,236.611,199.245,59.153,0.809,1.056,1.06,,,,,,,,,28245.0,1677205.0,193.772,3.263,24551.0,2.836,0.07,14.2,tests performed,,,52.78,8655541.0,402.606,30.6,11.733,7.359,33132.32,0.5,93.32,6.74,15.4,35.4,,2.99,82.97,0.903
24780,ISR,Asia,Israel,2020-07-28,66631.0,2125.0,1741.571,520.0,8.0,9.0,7698.075,245.507,201.209,60.077,0.924,1.04,1.05,,,,,,,,,26639.0,1703844.0,196.85,3.078,24045.0,2.778,0.072,13.8,tests performed,,,52.78,8655541.0,402.606,30.6,11.733,7.359,33132.32,0.5,93.32,6.74,15.4,35.4,,2.99,82.97,0.903
24781,ISR,Asia,Israel,2020-07-29,68585.0,1954.0,1728.714,535.0,15.0,10.286,7923.826,225.751,199.723,61.81,1.733,1.188,1.03,,,,,,,,,26228.0,1730072.0,199.88,3.03,23677.0,2.735,0.073,13.7,tests performed,,,52.78,8655541.0,402.606,30.6,11.733,7.359,33132.32,0.5,93.32,6.74,15.4,35.4,,2.99,82.97,0.903
24782,ISR,Asia,Israel,2020-07-30,70372.0,1787.0,1699.714,550.0,15.0,10.143,8130.283,206.457,196.373,63.543,1.733,1.172,1.0,,,,,,,,,21962.0,1752034.0,202.418,2.537,22166.0,2.561,0.077,13.0,tests performed,,,52.78,8655541.0,402.606,30.6,11.733,7.359,33132.32,0.5,93.32,6.74,15.4,35.4,,2.99,82.97,0.903
24783,ISR,Asia,Israel,2020-07-31,71734.0,1362.0,1632.857,564.0,14.0,11.0,8287.639,157.356,188.649,65.161,1.617,1.271,0.97,,,,,,,,,22898.0,1774932.0,205.063,2.645,21952.0,2.536,0.074,13.4,tests performed,,,52.78,8655541.0,402.606,30.6,11.733,7.359,33132.32,0.5,93.32,6.74,15.4,35.4,,2.99,82.97,0.903
24784,ISR,Asia,Israel,2020-08-01,72359.0,625.0,1563.286,578.0,14.0,12.0,8359.847,72.208,180.611,66.778,1.617,1.386,0.95,,,,,,,,,7790.0,1782722.0,205.963,0.9,20852.0,2.409,0.075,13.3,tests performed,,,52.78,8655541.0,402.606,30.6,11.733,7.359,33132.32,0.5,93.32,6.74,15.4,35.4,,2.99,82.97,0.903
24785,ISR,Asia,Israel,2020-08-02,73067.0,708.0,1515.571,589.0,11.0,12.0,8441.644,81.797,175.098,68.049,1.271,1.386,0.95,,,,,,,,,10087.0,1792809.0,207.128,1.165,20550.0,2.374,0.074,13.6,tests performed,,,52.78,8655541.0,402.606,30.6,11.733,7.359,33132.32,0.5,93.32,6.74,15.4,35.4,,2.99,82.97,0.903
24786,ISR,Asia,Israel,2020-08-03,74867.0,1800.0,1480.143,604.0,15.0,13.143,8649.604,207.959,171.005,69.782,1.733,1.518,0.98,,,,,,,,,23468.0,1816277.0,209.84,2.711,19867.0,2.295,0.075,13.4,tests performed,,,52.78,8655541.0,402.606,30.6,11.733,7.359,33132.32,0.5,93.32,6.74,15.4,35.4,,2.99,82.97,0.903
24787,ISR,Asia,Israel,2020-08-04,76596.0,1729.0,1423.571,615.0,11.0,13.571,8849.36,199.756,164.469,71.053,1.271,1.568,0.99,,,,,,,,,26099.0,1842376.0,212.855,3.015,19790.0,2.286,0.072,13.9,tests performed,,,52.78,8655541.0,402.606,30.6,11.733,7.359,33132.32,0.5,93.32,6.74,15.4,35.4,,2.99,82.97,0.903
24788,ISR,Asia,Israel,2020-08-05,78286.0,1690.0,1385.857,625.0,10.0,12.857,9044.611,195.251,160.112,72.208,1.155,1.485,0.99,,,,,,,,,25792.0,1868168.0,215.835,2.98,19728.0,2.279,0.07,14.2,tests performed,,,52.78,8655541.0,402.606,30.6,11.733,7.359,33132.32,0.5,93.32,6.74,15.4,35.4,,2.99,82.97,0.903
24789,ISR,Asia,Israel,2020-08-06,79963.0,1677.0,1370.143,634.0,9.0,12.0,9238.36,193.749,158.297,73.248,1.04,1.386,0.99,,,,,,,,,28767.0,1896935.0,219.158,3.324,20700.0,2.392,0.066,15.1,tests performed,,,52.78,8655541.0,402.606,30.6,11.733,7.359,33132.32,0.5,93.32,6.74,15.4,35.4,,2.99,82.97,0.903
24790,ISR,Asia,Israel,2020-08-07,81727.0,1764.0,1427.571,646.0,12.0,11.714,9442.16,203.8,164.932,74.634,1.386,1.353,0.98,,,,,,,,,25310.0,1922245.0,222.083,2.924,21045.0,2.431,0.068,14.7,tests performed,,,43.52,8655541.0,402.606,30.6,11.733,7.359,33132.32,0.5,93.32,6.74,15.4,35.4,,2.99,82.97,0.903
24791,ISR,Asia,Israel,2020-08-08,82481.0,754.0,1446.0,659.0,13.0,11.571,9529.271,87.112,167.061,76.136,1.502,1.337,0.97,,,,,,,,,8583.0,1930828.0,223.074,0.992,21158.0,2.444,0.068,14.6,tests performed,,,43.52,8655541.0,402.606,30.6,11.733,7.359,33132.32,0.5,93.32,6.74,15.4,35.4,,2.99,82.97,0.903
24792,ISR,Asia,Israel,2020-08-09,83405.0,924.0,1476.857,666.0,7.0,11.0,9636.024,106.752,170.626,76.945,0.809,1.271,0.97,,,,,,,,,12163.0,1942991.0,224.479,1.405,21455.0,2.479,0.069,14.5,tests performed,,,43.52,8655541.0,402.606,30.6,11.733,7.359,33132.32,0.5,93.32,6.74,15.4,35.4,,2.99,82.97,0.903
24793,ISR,Asia,Israel,2020-08-10,85109.0,1704.0,1463.143,681.0,15.0,11.0,9832.892,196.868,169.041,78.678,1.733,1.271,0.99,,,,,,,,,24368.0,1967359.0,227.295,2.815,21583.0,2.494,0.068,14.8,tests performed,,,43.52,8655541.0,402.606,30.6,11.733,7.359,33132.32,0.5,93.32,6.74,15.4,35.4,,2.99,82.97,0.903
24794,ISR,Asia,Israel,2020-08-11,86932.0,1823.0,1476.571,692.0,11.0,11.0,10043.509,210.617,170.593,79.949,1.271,1.271,1.0,,,,,,,,,27667.0,1995026.0,230.491,3.196,21807.0,2.519,0.068,14.8,tests performed,,,43.52,8655541.0,402.606,30.6,11.733,7.359,33132.32,0.5,93.32,6.74,15.4,35.4,,2.99,82.97,0.903
24795,ISR,Asia,Israel,2020-08-12,88554.0,1622.0,1466.857,707.0,15.0,11.714,10230.903,187.394,169.47,81.682,1.733,1.353,1.0,,,,,,,,,26233.0,2021259.0,233.522,3.031,21870.0,2.527,0.067,14.9,tests performed,,,43.52,8655541.0,402.606,30.6,11.733,7.359,33132.32,0.5,93.32,6.74,15.4,35.4,,2.99,82.97,0.903
24796,ISR,Asia,Israel,2020-08-13,90197.0,1643.0,1462.0,723.0,16.0,12.714,10420.724,189.821,168.909,83.53,1.849,1.469,0.99,,,,,,,,,28891.0,2050150.0,236.86,3.338,21888.0,2.529,0.067,15.0,tests performed,,,43.52,8655541.0,402.606,30.6,11.733,7.359,33132.32,0.5,93.32,6.74,15.4,35.4,,2.99,82.97,0.903
24797,ISR,Asia,Israel,2020-08-14,91585.0,1388.0,1408.286,735.0,12.0,12.714,10581.083,160.36,162.703,84.917,1.386,1.469,0.98,,,,,,,,,20915.0,2071065.0,239.276,2.416,21260.0,2.456,0.066,15.1,tests performed,,,43.52,8655541.0,402.606,30.6,11.733,7.359,33132.32,0.5,93.32,6.74,15.4,35.4,,2.99,82.97,0.903
24798,ISR,Asia,Israel,2020-08-15,92342.0,757.0,1408.714,745.0,10.0,12.286,10668.542,87.458,162.753,86.072,1.155,1.419,0.98,,,,,,,,,9396.0,2080461.0,240.362,1.086,21376.0,2.47,0.066,15.2,tests performed,,,43.52,8655541.0,402.606,30.6,11.733,7.359,33132.32,0.5,93.32,6.74,15.4,35.4,,2.99,82.97,0.903
24799,ISR,Asia,Israel,2020-08-16,93410.0,1068.0,1429.286,764.0,19.0,14.0,10791.931,123.389,165.13,88.267,2.195,1.617,0.99,,,,,,,,,12386.0,2092847.0,241.793,1.431,21408.0,2.473,0.067,15.0,tests performed,,,37.96,8655541.0,402.606,30.6,11.733,7.359,33132.32,0.5,93.32,6.74,15.4,35.4,,2.99,82.97,0.903
24800,ISR,Asia,Israel,2020-08-17,95060.0,1650.0,1421.571,768.0,4.0,12.429,10982.56,190.629,164.238,88.729,0.462,1.436,1.01,,,,,,,,,26061.0,2118908.0,244.804,3.011,21650.0,2.501,0.066,15.2,tests performed,,,37.96,8655541.0,402.606,30.6,11.733,7.359,33132.32,0.5,93.32,6.74,15.4,35.4,,2.99,82.97,0.903
24801,ISR,Asia,Israel,2020-08-18,96709.0,1649.0,1396.714,782.0,14.0,12.857,11173.074,190.514,161.366,90.347,1.617,1.485,1.02,,,,,,,,,27899.0,2146807.0,248.027,3.223,21683.0,2.505,0.064,15.5,tests performed,,,37.96,8655541.0,402.606,30.6,11.733,7.359,33132.32,0.5,93.32,6.74,15.4,35.4,,2.99,82.97,0.903
24802,ISR,Asia,Israel,2020-08-19,98349.0,1640.0,1399.286,794.0,12.0,12.429,11362.548,189.474,161.664,91.733,1.386,1.436,1.03,,,,,,,,,28401.0,2175208.0,251.308,3.281,21993.0,2.541,0.064,15.7,tests performed,,,37.96,8655541.0,402.606,30.6,11.733,7.359,33132.32,0.5,93.32,6.74,15.4,35.4,,2.99,82.97,0.903
24803,ISR,Asia,Israel,2020-08-20,99836.0,1487.0,1377.0,806.0,12.0,11.857,11534.345,171.797,159.089,93.12,1.386,1.37,1.03,,,,,,,,,28854.0,2204062.0,254.642,3.334,21987.0,2.54,0.063,16.0,tests performed,,,37.96,8655541.0,402.606,30.6,11.733,7.359,33132.32,0.5,93.32,6.74,15.4,35.4,,2.99,82.97,0.903
24804,ISR,Asia,Israel,2020-08-21,101329.0,1493.0,1392.0,819.0,13.0,12.0,11706.836,172.491,160.822,94.621,1.502,1.386,1.03,,,,,,,,,27218.0,2231280.0,257.786,3.145,22888.0,2.644,0.061,16.4,tests performed,,,37.96,8655541.0,402.606,30.6,11.733,7.359,33132.32,0.5,93.32,6.74,15.4,35.4,,2.99,82.97,0.903
24805,ISR,Asia,Israel,2020-08-22,102040.0,711.0,1385.429,829.0,10.0,12.0,11788.98,82.144,160.063,95.777,1.155,1.386,1.04,,,,,,,,,11059.0,2242339.0,259.064,1.278,23125.0,2.672,0.06,16.7,tests performed,,,37.96,8655541.0,402.606,30.6,11.733,7.359,33132.32,0.5,93.32,6.74,15.4,35.4,,2.99,82.97,0.903
24806,ISR,Asia,Israel,2020-08-23,103005.0,965.0,1370.714,842.0,13.0,11.143,11900.469,111.489,158.363,97.279,1.502,1.287,1.07,,,,,,,,,13298.0,2255637.0,260.6,1.536,23256.0,2.687,0.059,17.0,tests performed,,,37.96,8655541.0,402.606,30.6,11.733,7.359,33132.32,0.5,93.32,6.74,15.4,35.4,,2.99,82.97,0.903
24807,ISR,Asia,Israel,2020-08-24,104905.0,1900.0,1406.429,858.0,16.0,12.857,12119.982,219.513,162.489,99.127,1.849,1.485,1.11,,,,,,,,,30139.0,2285776.0,264.082,3.482,23838.0,2.754,0.059,16.9,tests performed,,,37.96,8655541.0,402.606,30.6,11.733,7.359,33132.32,0.5,93.32,6.74,15.4,35.4,,2.99,82.97,0.903
24808,ISR,Asia,Israel,2020-08-25,106861.0,1956.0,1450.286,877.0,19.0,13.571,12345.964,225.982,167.556,101.322,2.195,1.568,1.13,,,,,,,,,34053.0,2319829.0,268.017,3.934,24717.0,2.856,0.059,17.0,tests performed,,,37.96,8655541.0,402.606,30.6,11.733,7.359,33132.32,0.5,93.32,6.74,15.4,35.4,,2.99,82.97,0.903
24809,ISR,Asia,Israel,2020-08-26,108814.0,1953.0,1495.0,888.0,11.0,13.429,12571.6,225.636,172.722,102.593,1.271,1.551,1.15,,,,,,,,,34254.0,2354083.0,271.974,3.957,25554.0,2.952,0.059,17.1,tests performed,,,37.96,8655541.0,402.606,30.6,11.733,7.359,33132.32,0.5,93.32,6.74,15.4,35.4,,2.99,82.97,0.903
24810,ISR,Asia,Israel,2020-08-27,110885.0,2071.0,1578.429,899.0,11.0,13.286,12810.869,239.269,182.36,103.864,1.271,1.535,1.15,,,,,,,,,36428.0,2390511.0,276.183,4.209,26636.0,3.077,0.059,16.9,tests performed,,,37.96,8655541.0,402.606,30.6,11.733,7.359,33132.32,0.5,93.32,6.74,15.4,35.4,,2.99,82.97,0.903
24811,ISR,Asia,Israel,2020-08-28,112717.0,1832.0,1626.857,911.0,12.0,13.143,13022.525,211.656,187.956,105.25,1.386,1.518,1.15,,,,,,,,,23289.0,2413800.0,278.873,2.691,26074.0,3.012,0.062,16.0,tests performed,,,37.96,8655541.0,402.606,30.6,11.733,7.359,33132.32,0.5,93.32,6.74,15.4,35.4,,2.99,82.97,0.903
24812,ISR,Asia,Israel,2020-08-29,113627.0,910.0,1655.286,916.0,5.0,12.429,13127.66,105.135,191.24,105.828,0.578,1.436,1.15,,,,,,,,,10708.0,2424508.0,280.111,1.237,26024.0,3.007,0.064,15.7,tests performed,,,37.96,8655541.0,402.606,30.6,11.733,7.359,33132.32,0.5,93.32,6.74,15.4,35.4,,2.99,82.97,0.903
24813,ISR,Asia,Israel,2020-08-30,114728.0,1101.0,1674.714,930.0,14.0,12.571,13254.862,127.202,193.485,107.446,1.617,1.452,1.18,,,,,,,,,13553.0,2438061.0,281.676,1.566,26061.0,3.011,0.064,15.6,tests performed,,,37.96,8655541.0,402.606,30.6,11.733,7.359,33132.32,0.5,93.32,6.74,15.4,35.4,,2.99,82.97,0.903
24814,ISR,Asia,Israel,2020-08-31,116906.0,2178.0,1714.429,953.0,23.0,13.571,13506.493,251.631,198.073,110.103,2.657,1.568,1.23,,,,,,,,,31969.0,2470030.0,285.37,3.693,26322.0,3.041,0.065,15.4,tests performed,,,37.96,8655541.0,402.606,30.6,11.733,7.359,33132.32,0.5,93.32,6.74,15.4,35.4,,2.99,82.97,0.903
24815,ISR,Asia,Israel,2020-09-01,119158.0,2252.0,1756.714,968.0,15.0,13.0,13766.673,260.18,202.958,111.836,1.733,1.502,1.26,,,,,,,,,28466.0,2498496.0,288.659,3.289,25524.0,2.949,0.069,14.5,tests performed,,,37.96,8655541.0,402.606,30.6,11.733,7.359,33132.32,0.5,93.32,6.74,15.4,35.4,,2.99,82.97,0.903
24816,ISR,Asia,Israel,2020-09-02,122351.0,3193.0,1933.857,982.0,14.0,13.429,14135.569,368.897,223.424,113.453,1.617,1.551,1.29,,,,,,,,,35980.0,2534476.0,292.815,4.157,25770.0,2.977,0.075,13.3,tests performed,,,37.96,8655541.0,402.606,30.6,11.733,7.359,33132.32,0.5,93.32,6.74,15.4,35.4,,2.99,82.97,0.903
24817,ISR,Asia,Israel,2020-09-03,125012.0,2661.0,2018.143,998.0,16.0,14.143,14443.002,307.433,233.162,115.302,1.849,1.634,1.29,,,,,,,,,35227.0,2569703.0,296.885,4.07,25599.0,2.958,0.079,12.7,tests performed,,,37.96,8655541.0,402.606,30.6,11.733,7.359,33132.32,0.5,93.32,6.74,15.4,35.4,,2.99,82.97,0.903
24818,ISR,Asia,Israel,2020-09-04,127635.0,2623.0,2131.143,1010.0,12.0,14.143,14746.045,303.043,246.217,116.688,1.386,1.634,1.29,,,,,,,,,31548.0,2601251.0,300.53,3.645,26779.0,3.094,0.08,12.6,tests performed,,,37.96,8655541.0,402.606,30.6,11.733,7.359,33132.32,0.5,93.32,6.74,15.4,35.4,,2.99,82.97,0.903
24819,ISR,Asia,Israel,2020-09-05,129140.0,1505.0,2216.143,1025.0,15.0,15.571,14919.922,173.877,256.037,118.421,1.733,1.799,1.28,,,,,,,,,15945.0,2617196.0,302.372,1.842,27527.0,3.18,0.081,12.4,tests performed,,,37.96,8655541.0,402.606,30.6,11.733,7.359,33132.32,0.5,93.32,6.74,15.4,35.4,,2.99,82.97,0.903
24820,ISR,Asia,Israel,2020-09-06,131317.0,2177.0,2369.857,1037.0,12.0,15.286,15171.438,251.515,273.797,119.808,1.386,1.766,1.3,,,,,,,,,19671.0,2636867.0,304.645,2.273,28401.0,3.281,0.083,12.0,tests performed,,,37.96,8655541.0,402.606,30.6,11.733,7.359,33132.32,0.5,93.32,6.74,15.4,35.4,,2.99,82.97,0.903
24821,ISR,Asia,Israel,2020-09-07,134705.0,3388.0,2542.714,1054.0,17.0,14.429,15562.863,391.426,293.767,121.772,1.964,1.667,1.33,,,,,,,,,41453.0,2678320.0,309.434,4.789,29756.0,3.438,0.085,11.7,tests performed,,,37.96,8655541.0,402.606,30.6,11.733,7.359,33132.32,0.5,93.32,6.74,15.4,35.4,,2.99,82.97,0.903
24822,ISR,Asia,Israel,2020-09-08,138194.0,3489.0,2719.429,1074.0,20.0,15.143,15965.958,403.094,314.184,124.082,2.311,1.749,1.35,,,,,,,,,45674.0,2723994.0,314.711,5.277,32214.0,3.722,0.084,11.8,tests performed,,,37.96,8655541.0,402.606,30.6,11.733,7.359,33132.32,0.5,93.32,6.74,15.4,35.4,,2.99,82.97,0.903
24823,ISR,Asia,Israel,2020-09-09,142190.0,3996.0,2834.143,1089.0,15.0,15.286,16427.627,461.67,327.437,125.815,1.733,1.766,1.35,,,,,,,,,46406.0,2770400.0,320.072,5.361,33703.0,3.894,0.084,11.9,tests performed,,,37.96,8655541.0,402.606,30.6,11.733,7.359,33132.32,0.5,93.32,6.74,15.4,35.4,,2.99,82.97,0.903
24824,ISR,Asia,Israel,2020-09-10,146351.0,4161.0,3048.429,1103.0,14.0,15.0,16908.36,480.733,352.194,127.433,1.617,1.733,1.35,,,,,,,,,48750.0,2819150.0,325.705,5.632,35635.0,4.117,0.086,11.7,tests performed,,,37.96,8655541.0,402.606,30.6,11.733,7.359,33132.32,0.5,93.32,6.74,15.4,35.4,,2.99,82.97,0.903
24825,ISR,Asia,Israel,2020-09-11,150326.0,3975.0,3241.571,1123.0,20.0,16.143,17367.603,459.243,374.508,129.743,2.311,1.865,1.33,,,,,,,,,43704.0,2862854.0,330.754,5.049,37372.0,4.318,0.087,11.5,tests performed,,,37.96,8655541.0,402.606,30.6,11.733,7.359,33132.32,0.5,93.32,6.74,15.4,35.4,,2.99,82.97,0.903
24826,ISR,Asia,Israel,2020-09-12,153045.0,2719.0,3415.0,1138.0,15.0,16.143,17681.737,314.134,394.545,131.476,1.733,1.865,1.31,,,,,,,,,30572.0,2893426.0,334.286,3.532,39461.0,4.559,0.087,11.6,tests performed,,,37.96,8655541.0,402.606,30.6,11.733,7.359,33132.32,0.5,93.32,6.74,15.4,35.4,,2.99,82.97,0.903
24827,ISR,Asia,Israel,2020-09-13,156220.0,3175.0,3557.571,1155.0,17.0,16.857,18048.554,366.817,411.017,133.441,1.964,1.948,1.31,,,,,,,,,34979.0,2928405.0,338.327,4.041,41648.0,4.812,0.085,11.7,tests performed,,,37.96,8655541.0,402.606,30.6,11.733,7.359,33132.32,0.5,93.32,6.74,15.4,35.4,,2.99,82.97,0.903
24828,ISR,Asia,Israel,2020-09-14,161025.0,4805.0,3760.0,1175.0,20.0,17.286,18603.69,555.136,434.404,135.751,2.311,1.997,1.32,,,,,,,,,47549.0,2975954.0,343.821,5.493,42519.0,4.912,0.088,11.3,tests performed,,,37.96,8655541.0,402.606,30.6,11.733,7.359,33132.32,0.5,93.32,6.74,15.4,35.4,,2.99,82.97,0.903
24829,ISR,Asia,Israel,2020-09-15,166564.0,5539.0,4052.857,1191.0,16.0,16.714,19243.627,639.937,468.238,137.6,1.849,1.931,1.32,,,,,,,,,57765.0,3033719.0,350.494,6.674,44246.0,5.112,0.092,10.9,tests performed,,,37.96,8655541.0,402.606,30.6,11.733,7.359,33132.32,0.5,93.32,6.74,15.4,35.4,,2.99,82.97,0.903
24830,ISR,Asia,Israel,2020-09-16,171138.0,4574.0,4135.429,1217.0,26.0,18.286,19772.074,528.448,477.778,140.604,3.004,2.113,1.3,,,,,,,,,54229.0,3087948.0,356.76,6.265,45364.0,5.241,0.091,11.0,tests performed,,,37.96,8655541.0,402.606,30.6,11.733,7.359,33132.32,0.5,93.32,6.74,15.4,35.4,,2.99,82.97,0.903
24831,ISR,Asia,Israel,2020-09-17,176523.0,5385.0,4310.286,1235.0,18.0,18.857,20394.219,622.145,497.98,142.683,2.08,2.179,1.28,,,,,,,,,58809.0,3146757.0,363.554,6.794,46801.0,5.407,0.092,10.9,tests performed,,,37.96,8655541.0,402.606,30.6,11.733,7.359,33132.32,0.5,93.32,6.74,15.4,35.4,,2.99,82.97,0.903
24832,ISR,Asia,Israel,2020-09-18,181863.0,5340.0,4505.286,1255.0,20.0,18.857,21011.165,616.946,520.509,144.994,2.311,2.179,1.26,,,,,,,,,54471.0,3201228.0,369.847,6.293,48339.0,5.585,0.093,10.7,tests performed,,,81.48,8655541.0,402.606,30.6,11.733,7.359,33132.32,0.5,93.32,6.74,15.4,35.4,,2.99,82.97,0.903
24833,ISR,Asia,Israel,2020-09-19,185672.0,3809.0,4661.0,1282.0,27.0,20.571,21451.23,440.065,538.499,148.113,3.119,2.377,1.23,,,,,,,,,42833.0,3244061.0,374.796,4.949,50091.0,5.787,0.093,10.7,tests performed,,,81.48,8655541.0,402.606,30.6,11.733,7.359,33132.32,0.5,93.32,6.74,15.4,35.4,,2.99,82.97,0.903
24834,ISR,Asia,Israel,2020-09-20,188251.0,2579.0,4575.857,1303.0,21.0,21.143,21749.189,297.959,528.662,150.539,2.426,2.443,1.22,,,,,,,,,24493.0,3268554.0,377.626,2.83,48593.0,5.614,0.094,10.6,tests performed,,,81.48,8655541.0,402.606,30.6,11.733,7.359,33132.32,0.5,93.32,6.74,15.4,35.4,,2.99,82.97,0.903
24835,ISR,Asia,Israel,2020-09-21,192117.0,3866.0,4441.714,1334.0,31.0,22.714,22195.84,446.65,513.164,154.121,3.582,2.624,1.23,,,,,,,,,34603.0,3303157.0,381.623,3.998,46743.0,5.4,0.095,10.5,tests performed,,,81.48,8655541.0,402.606,30.6,11.733,7.359,33132.32,0.5,93.32,6.74,15.4,35.4,,2.99,82.97,0.903
24836,ISR,Asia,Israel,2020-09-22,199138.0,7021.0,4653.429,1360.0,26.0,24.143,23006.996,811.157,537.624,157.125,3.004,2.789,1.25,,,,,,,,,63062.0,3366219.0,388.909,7.286,47500.0,5.488,0.098,10.2,tests performed,,,81.48,8655541.0,402.606,30.6,11.733,7.359,33132.32,0.5,93.32,6.74,15.4,35.4,,2.99,82.97,0.903
24837,ISR,Asia,Israel,2020-09-23,206263.0,7125.0,5017.857,1385.0,25.0,24.0,23830.168,823.172,579.728,160.013,2.888,2.773,1.25,,,,,,,,,59352.0,3425571.0,395.766,6.857,48232.0,5.572,0.104,9.6,tests performed,,,81.48,8655541.0,402.606,30.6,11.733,7.359,33132.32,0.5,93.32,6.74,15.4,35.4,,2.99,82.97,0.903
24838,ISR,Asia,Israel,2020-09-24,214497.0,8234.0,5424.857,1416.0,31.0,25.857,24781.467,951.298,626.75,163.595,3.582,2.987,1.23,,,,,,,,,67980.0,3493551.0,403.62,7.854,49542.0,5.724,0.11,9.1,tests performed,,,81.48,8655541.0,402.606,30.6,11.733,7.359,33132.32,0.5,93.32,6.74,15.4,35.4,,2.99,82.97,0.903
24839,ISR,Asia,Israel,2020-09-25,222887.0,8390.0,5860.571,1446.0,30.0,27.286,25750.788,969.321,677.089,167.061,3.466,3.152,1.19,,,,,,,,,62716.0,3556267.0,410.866,7.246,50720.0,5.86,0.116,8.7,tests performed,,,85.19,8655541.0,402.606,30.6,11.733,7.359,33132.32,0.5,93.32,6.74,15.4,35.4,,2.99,82.97,0.903
24840,ISR,Asia,Israel,2020-09-26,228769.0,5882.0,6156.714,1471.0,25.0,27.0,26430.353,679.565,711.303,169.949,2.888,3.119,1.13,,,,,,,,,46422.0,3602689.0,416.229,5.363,51233.0,5.919,0.12,8.3,tests performed,,,85.19,8655541.0,402.606,30.6,11.733,7.359,33132.32,0.5,93.32,6.74,15.4,35.4,,2.99,82.97,0.903
24841,ISR,Asia,Israel,2020-09-27,232183.0,3414.0,6276.0,1503.0,32.0,28.571,26824.782,394.429,725.085,173.646,3.697,3.301,1.08,,,,,,,,,25281.0,3627970.0,419.15,2.921,51345.0,5.932,0.122,8.2,tests performed,,,85.19,8655541.0,402.606,30.6,11.733,7.359,33132.32,0.5,93.32,6.74,15.4,35.4,,2.99,82.97,0.903
24842,ISR,Asia,Israel,2020-09-28,233342.0,1159.0,5889.286,1532.0,29.0,28.286,26958.685,133.903,680.406,176.996,3.35,3.268,1.05,,,,,,,,,8220.0,3636190.0,420.1,0.95,47576.0,5.497,0.124,8.1,tests performed,,,85.19,8655541.0,402.606,30.6,11.733,7.359,33132.32,0.5,93.32,6.74,15.4,35.4,,2.99,82.97,0.903
24843,ISR,Asia,Israel,2020-09-29,238333.0,4991.0,5599.286,1567.0,35.0,29.571,27535.309,576.625,646.902,181.04,4.044,3.416,1.05,,,,,,,,,34617.0,3670807.0,424.099,3.999,43513.0,5.027,0.129,7.8,tests performed,,,85.19,8655541.0,402.606,30.6,11.733,7.359,33132.32,0.5,93.32,6.74,15.4,35.4,,2.99,82.97,0.903
24844,ISR,Asia,Israel,2020-09-30,247411.0,9078.0,5878.286,1604.0,37.0,31.286,28584.117,1048.808,679.136,185.315,4.275,3.615,1.06,,,,,,,,,70152.0,3740959.0,432.204,8.105,45055.0,5.205,0.13,7.7,tests performed,,,85.19,8655541.0,402.606,30.6,11.733,7.359,33132.32,0.5,93.32,6.74,15.4,35.4,,2.99,82.97,0.903
24845,ISR,Asia,Israel,2020-10-01,255142.0,7731.0,5806.429,1650.0,46.0,33.429,29477.302,893.185,670.834,190.629,5.315,3.862,1.03,,,,,,,,,65942.0,3806901.0,439.822,7.618,44764.0,5.172,0.13,7.7,tests performed,,,85.19,8655541.0,402.606,30.6,11.733,7.359,33132.32,0.5,93.32,6.74,15.4,35.4,,2.99,82.97,0.903
24846,ISR,Asia,Israel,2020-10-02,262200.0,7058.0,5616.143,1675.0,25.0,32.714,30292.734,815.431,648.849,193.518,2.888,3.78,0.98,,,,,,,,,62163.0,3869064.0,447.004,7.182,44685.0,5.163,0.126,8.0,tests performed,,,85.19,8655541.0,402.606,30.6,11.733,7.359,33132.32,0.5,93.32,6.74,15.4,35.4,,2.99,82.97,0.903
24847,ISR,Asia,Israel,2020-10-03,264793.0,2593.0,5146.286,1712.0,37.0,34.429,30592.311,299.577,594.565,197.792,4.275,3.978,0.92,,,,,,,,,25142.0,3894206.0,449.909,2.905,41645.0,4.811,0.124,8.1,tests performed,,,85.19,8655541.0,402.606,30.6,11.733,7.359,33132.32,0.5,93.32,6.74,15.4,35.4,,2.99,82.97,0.903
24848,ISR,Asia,Israel,2020-10-04,267730.0,2937.0,5078.143,1748.0,36.0,35.0,30931.631,339.32,586.693,201.952,4.159,4.044,0.88,,,,,,,,,26458.0,3920664.0,452.966,3.057,41813.0,4.831,0.121,8.2,tests performed,,,85.19,8655541.0,402.606,30.6,11.733,7.359,33132.32,0.5,93.32,6.74,15.4,35.4,,2.99,82.97,0.903
24849,ISR,Asia,Israel,2020-10-05,273451.0,5721.0,5729.857,1775.0,27.0,34.714,31592.595,660.964,661.987,205.071,3.119,4.011,0.86,,,,,,,,,52215.0,3972879.0,458.998,6.033,48098.0,5.557,0.119,8.4,tests performed,,,85.19,8655541.0,402.606,30.6,11.733,7.359,33132.32,0.5,93.32,6.74,15.4,35.4,,2.99,82.97,0.903
24850,ISR,Asia,Israel,2020-10-06,278175.0,4724.0,5691.714,1820.0,45.0,36.143,32138.372,545.778,657.58,210.27,5.199,4.176,0.82,,,,,,,,,47046.0,4019925.0,464.434,5.435,49874.0,5.762,0.114,8.8,tests performed,,,85.19,8655541.0,402.606,30.6,11.733,7.359,33132.32,0.5,93.32,6.74,15.4,35.4,,2.99,82.97,0.903
24851,ISR,Asia,Israel,2020-10-07,282340.0,4165.0,4989.857,1846.0,26.0,34.571,32619.567,481.195,576.493,213.274,3.004,3.994,0.78,,,,,,,,,49232.0,4069157.0,470.122,5.688,46885.0,5.417,0.106,9.4,tests performed,,,85.19,8655541.0,402.606,30.6,11.733,7.359,33132.32,0.5,93.32,6.74,15.4,35.4,,2.99,82.97,0.903
24852,ISR,Asia,Israel,2020-10-08,286095.0,3755.0,4421.857,1893.0,47.0,34.714,33053.393,433.826,510.87,218.704,5.43,4.011,0.74,,,,,,,,,49820.0,4118977.0,475.877,5.756,44582.0,5.151,0.099,10.1,tests performed,,,85.19,8655541.0,402.606,30.6,11.733,7.359,33132.32,0.5,93.32,6.74,15.4,35.4,,2.99,82.97,0.903
24853,ISR,Asia,Israel,2020-10-09,289058.0,2963.0,3836.857,1933.0,40.0,36.857,33395.717,342.324,443.283,223.325,4.621,4.258,0.7,,,,,,,,,37349.0,4156326.0,480.193,4.315,41037.0,4.741,0.093,10.7,tests performed,,,85.19,8655541.0,402.606,30.6,11.733,7.359,33132.32,0.5,93.32,6.74,15.4,35.4,,2.99,82.97,0.903
24854,ISR,Asia,Israel,2020-10-10,289974.0,916.0,3597.286,1968.0,35.0,36.571,33501.545,105.828,415.605,227.369,4.044,4.225,0.66,,,,,,,,,13466.0,4169792.0,481.748,1.556,39369.0,4.548,0.091,10.9,tests performed,,,85.19,8655541.0,402.606,30.6,11.733,7.359,33132.32,0.5,93.32,6.74,15.4,35.4,,2.99,82.97,0.903
24855,ISR,Asia,Israel,2020-10-11,291620.0,1646.0,3412.857,2014.0,46.0,38.0,33691.713,190.167,394.297,232.683,5.315,4.39,0.64,,,,,,,,,23119.0,4192911.0,484.419,2.671,38892.0,4.493,0.088,11.4,tests performed,,,85.19,8655541.0,402.606,30.6,11.733,7.359,33132.32,0.5,93.32,6.74,15.4,35.4,,2.99,82.97,0.903
24856,ISR,Asia,Israel,2020-10-12,294789.0,3169.0,3048.286,2044.0,30.0,38.429,34057.836,366.124,352.177,236.149,3.466,4.44,0.63,,,,,,,,,47366.0,4240277.0,489.892,5.472,38200.0,4.413,0.08,12.5,tests performed,,,85.19,8655541.0,402.606,30.6,11.733,7.359,33132.32,0.5,93.32,6.74,15.4,35.4,,2.99,82.97,0.903
24857,ISR,Asia,Israel,2020-10-13,297125.0,2336.0,2707.143,2082.0,38.0,37.429,34327.721,269.885,312.764,240.54,4.39,4.324,0.62,,,,,,,,,45319.0,4285596.0,495.127,5.236,37953.0,4.385,0.071,14.0,tests performed,,,85.19,8655541.0,402.606,30.6,11.733,7.359,33132.32,0.5,93.32,6.74,15.4,35.4,,2.99,82.97,0.903
24858,ISR,Asia,Israel,2020-10-14,299242.0,2117.0,2414.571,2117.0,35.0,38.714,34572.305,244.583,278.963,244.583,4.044,4.473,0.6,,,,,,,,,41182.0,4326778.0,499.885,4.758,36803.0,4.252,0.066,15.2,tests performed,,,85.19,8655541.0,402.606,30.6,11.733,7.359,33132.32,0.5,93.32,6.74,15.4,35.4,,2.99,82.97,0.903
24859,ISR,Asia,Israel,2020-10-15,300854.0,1612.0,2108.429,2148.0,31.0,36.429,34758.544,186.239,243.593,248.165,3.582,4.209,0.57,,,,,,,,,37650.0,4364428.0,504.235,4.35,35064.0,4.051,0.06,16.6,tests performed,,,85.19,8655541.0,402.606,30.6,11.733,7.359,33132.32,0.5,93.32,6.74,15.4,35.4,,2.99,82.97,0.903
24860,ISR,Asia,Israel,2020-10-16,302354.0,1500.0,1899.429,2182.0,34.0,35.571,34931.843,173.299,219.447,252.093,3.928,4.11,0.56,,,,,,,,,34745.0,4399173.0,508.249,4.014,34692.0,4.008,0.055,18.3,tests performed,,,81.48,8655541.0,402.606,30.6,11.733,7.359,33132.32,0.5,93.32,6.74,15.4,35.4,,2.99,82.97,0.903
24861,ISR,Asia,Israel,2020-10-17,302765.0,411.0,1827.286,2214.0,32.0,35.143,34979.327,47.484,211.112,255.79,3.697,4.06,0.54,,,,,,,,,14994.0,4414167.0,509.982,1.732,34911.0,4.033,0.052,19.1,tests performed,,,81.48,8655541.0,402.606,30.6,11.733,7.359,33132.32,0.5,93.32,6.74,15.4,35.4,,2.99,82.97,0.903
24862,ISR,Asia,Israel,2020-10-18,303687.0,922.0,1723.857,2247.0,33.0,33.286,35085.848,106.521,199.162,259.602,3.813,3.846,0.54,,,,,,,,,27529.0,4441696.0,513.162,3.181,35541.0,4.106,0.049,20.6,tests performed,,,81.48,8655541.0,402.606,30.6,11.733,7.359,33132.32,0.5,93.32,6.74,15.4,35.4,,2.99,82.97,0.903
24863,ISR,Asia,Israel,2020-10-19,305204.0,1517.0,1487.857,2278.0,31.0,33.429,35261.112,175.263,171.896,263.184,3.582,3.862,0.55,,,,,,,,,41854.0,4483550.0,517.998,4.836,34753.0,4.015,0.043,23.4,tests performed,,,81.48,8655541.0,402.606,30.6,11.733,7.359,33132.32,0.5,93.32,6.74,15.4,35.4,,2.99,82.97,0.903
24864,ISR,Asia,Israel,2020-10-20,306397.0,1193.0,1324.571,2298.0,20.0,30.857,35398.943,137.831,153.032,265.495,2.311,3.565,0.55,,,,,,,,,42544.0,4526094.0,522.913,4.915,34357.0,3.969,0.039,25.9,tests performed,,,81.48,8655541.0,402.606,30.6,11.733,7.359,33132.32,0.5,93.32,6.74,15.4,35.4,,2.99,82.97,0.903
24865,ISR,Asia,Israel,2020-10-21,307569.0,1172.0,1189.571,2323.0,25.0,29.429,35534.347,135.405,137.435,268.383,2.888,3.4,0.55,,,,,,,,,43454.0,4569548.0,527.933,5.02,34681.0,4.007,0.034,29.2,tests performed,,,81.48,8655541.0,402.606,30.6,11.733,7.359,33132.32,0.5,93.32,6.74,15.4,35.4,,2.99,82.97,0.903
24866,ISR,Asia,Israel,2020-10-22,308601.0,1032.0,1106.714,2352.0,29.0,29.143,35653.577,119.23,127.862,271.733,3.35,3.367,0.54,,,,,,,,,35305.0,4604853.0,532.012,4.079,34346.0,3.968,0.032,31.0,tests performed,,,81.48,8655541.0,402.606,30.6,11.733,7.359,33132.32,0.5,93.32,6.74,15.4,35.4,,2.99,82.97,0.903
24867,ISR,Asia,Israel,2020-10-23,309450.0,849.0,1013.714,2378.0,26.0,28.0,35751.665,98.087,117.117,274.737,3.004,3.235,0.54,,,,,,,,,30511.0,4635364.0,535.537,3.525,33742.0,3.898,0.03,33.3,tests performed,,,81.48,8655541.0,402.606,30.6,11.733,7.359,33132.32,0.5,93.32,6.74,15.4,35.4,,2.99,82.97,0.903
24868,ISR,Asia,Israel,2020-10-24,309696.0,246.0,990.143,2405.0,27.0,27.286,35780.086,28.421,114.394,277.857,3.119,3.152,0.54,,,,,,,,,6661.0,4642025.0,536.307,0.77,32551.0,3.761,0.03,32.9,tests performed,,,81.48,8655541.0,402.606,30.6,11.733,7.359,33132.32,0.5,93.32,6.74,15.4,35.4,,2.99,82.97,0.903
24869,ISR,Asia,Israel,2020-10-25,310303.0,607.0,945.143,2440.0,35.0,27.571,35850.214,70.128,109.195,281.9,4.044,3.185,0.56,,,,,,,,,21807.0,4663832.0,538.826,2.519,31734.0,3.666,0.03,33.6,tests performed,,,81.48,8655541.0,402.606,30.6,11.733,7.359,33132.32,0.5,93.32,6.74,15.4,35.4,,2.99,82.97,0.903
24870,ISR,Asia,Israel,2020-10-26,311187.0,884.0,854.714,2468.0,28.0,27.143,35952.345,102.131,98.748,285.135,3.235,3.136,0.58,,,,,,,,,41012.0,4704844.0,543.564,4.738,31613.0,3.652,0.027,37.0,tests performed,,,81.48,8655541.0,402.606,30.6,11.733,7.359,33132.32,0.5,93.32,6.74,15.4,35.4,,2.99,82.97,0.903
24871,ISR,Asia,Israel,2020-10-27,312074.0,887.0,811.0,2496.0,28.0,28.286,36054.823,102.478,93.697,288.37,3.235,3.268,0.6,,,,,,,,,41724.0,4746568.0,548.385,4.82,31496.0,3.639,0.026,38.8,tests performed,,,81.48,8655541.0,402.606,30.6,11.733,7.359,33132.32,0.5,93.32,6.74,15.4,35.4,,2.99,82.97,0.903
24872,ISR,Asia,Israel,2020-10-28,312797.0,723.0,746.857,2506.0,10.0,26.143,36138.353,83.53,86.287,289.526,1.155,3.02,0.62,,,,,,,,,35097.0,4781665.0,552.44,4.055,30302.0,3.501,0.025,40.6,tests performed,,,40.74,8655541.0,402.606,30.6,11.733,7.359,33132.32,0.5,93.32,6.74,15.4,35.4,,2.99,82.97,0.903
24873,ISR,Asia,Israel,2020-10-29,313441.0,644.0,691.429,2525.0,19.0,24.714,36212.757,74.403,79.883,291.721,2.195,2.855,0.63,,,,,,,,,37604.0,4819269.0,556.784,4.345,30631.0,3.539,0.023,44.3,tests performed,,,40.74,8655541.0,402.606,30.6,11.733,7.359,33132.32,0.5,93.32,6.74,15.4,35.4,,2.99,82.97,0.903
24874,ISR,Asia,Israel,2020-10-30,314121.0,680.0,667.286,2536.0,11.0,22.571,36291.319,78.562,77.093,292.992,1.271,2.608,0.64,,,,,,,,,32646.0,4851915.0,560.556,3.772,30936.0,3.574,0.022,46.4,tests performed,,,40.74,8655541.0,402.606,30.6,11.733,7.359,33132.32,0.5,93.32,6.74,15.4,35.4,,2.99,82.97,0.903
24875,ISR,Asia,Israel,2020-10-31,314349.0,228.0,664.714,2561.0,25.0,22.286,36317.661,26.342,76.796,295.88,2.888,2.575,0.66,,,,,,,,,8028.0,4859943.0,561.483,0.927,31131.0,3.597,0.021,46.8,tests performed,,,40.74,8655541.0,402.606,30.6,11.733,7.359,33132.32,0.5,93.32,6.74,15.4,35.4,,2.99,82.97,0.903
24876,ISR,Asia,Israel,2020-11-01,315007.0,658.0,672.0,2580.0,19.0,20.0,36393.681,76.021,77.638,298.075,2.195,2.311,0.7,,,,,,,,,22641.0,4882584.0,564.099,2.616,31250.0,3.61,0.022,46.5,tests performed,,,40.74,8655541.0,402.606,30.6,11.733,7.359,33132.32,0.5,93.32,6.74,15.4,35.4,,2.99,82.97,0.903
24877,ISR,Asia,Israel,2020-11-02,315795.0,788.0,658.286,2596.0,16.0,18.286,36484.721,91.04,76.054,299.923,1.849,2.113,0.73,,,,,,,,,35814.0,4918398.0,568.237,4.138,30508.0,3.525,0.022,46.3,tests performed,,,40.74,8655541.0,402.606,30.6,11.733,7.359,33132.32,0.5,93.32,6.74,15.4,35.4,,2.99,82.97,0.903
24878,ISR,Asia,Israel,2020-11-03,316641.0,846.0,652.429,2622.0,26.0,18.0,36582.462,97.741,75.377,302.927,3.004,2.08,0.76,,,,,,,,,41558.0,4959956.0,573.038,4.801,30484.0,3.522,0.021,46.7,tests performed,,,40.74,8655541.0,402.606,30.6,11.733,7.359,33132.32,0.5,93.32,6.74,15.4,35.4,,2.99,82.97,0.903
24879,ISR,Asia,Israel,2020-11-04,317410.0,769.0,659.0,2639.0,17.0,19.0,36671.307,88.845,76.136,304.891,1.964,2.195,0.77,,,,,,,,,39793.0,4999749.0,577.636,4.597,31155.0,3.599,0.021,47.3,tests performed,,,65.74,8655541.0,402.606,30.6,11.733,7.359,33132.32,0.5,93.32,6.74,15.4,35.4,,2.99,82.97,0.903
24880,ISR,Asia,Israel,2020-11-05,317980.0,570.0,648.429,2652.0,13.0,18.143,36737.161,65.854,74.915,306.393,1.502,2.096,0.78,,,,,,,,,35369.0,5035118.0,581.722,4.086,30836.0,3.563,0.021,47.6,tests performed,,,65.74,8655541.0,402.606,30.6,11.733,7.359,33132.32,0.5,93.32,6.74,15.4,35.4,,2.99,82.97,0.903
24881,ISR,Asia,Israel,2020-11-06,318671.0,691.0,650.0,2668.0,16.0,18.857,36816.994,79.833,75.096,308.242,1.849,2.179,0.79,,,,,,,,,31589.0,5066707.0,585.371,3.65,30685.0,3.545,0.021,47.2,tests performed,,,65.74,8655541.0,402.606,30.6,11.733,7.359,33132.32,0.5,93.32,6.74,15.4,35.4,,2.99,82.97,0.903
24882,ISR,Asia,Israel,2020-11-07,318883.0,212.0,647.714,2676.0,8.0,16.429,36841.487,24.493,74.832,309.166,0.924,1.898,0.81,,,,,,,,,8344.0,5075051.0,586.336,0.964,30730.0,3.55,0.021,47.4,tests performed,,,65.74,8655541.0,402.606,30.6,11.733,7.359,33132.32,0.5,93.32,6.74,15.4,35.4,,2.99,82.97,0.903
24883,ISR,Asia,Israel,2020-11-08,319417.0,534.0,630.0,2683.0,7.0,14.714,36903.181,61.695,72.786,309.975,0.809,1.7,0.84,,,,,,,,,22114.0,5097165.0,588.89,2.555,30654.0,3.542,0.021,48.7,tests performed,,,65.74,8655541.0,402.606,30.6,11.733,7.359,33132.32,0.5,93.32,6.74,15.4,35.4,,2.99,82.97,0.903
24884,ISR,Asia,Israel,2020-11-09,320136.0,719.0,620.143,2689.0,6.0,13.286,36986.25,83.068,71.647,310.668,0.693,1.535,0.88,,,,,,,,,35226.0,5132391.0,592.96,4.07,30570.0,3.532,0.02,49.3,tests performed,,,65.74,8655541.0,402.606,30.6,11.733,7.359,33132.32,0.5,93.32,6.74,15.4,35.4,,2.99,82.97,0.903
24885,ISR,Asia,Israel,2020-11-10,320811.0,675.0,595.714,2699.0,10.0,11.0,37064.234,77.985,68.825,311.823,1.155,1.271,0.91,,,,,,,,,41655.0,5174046.0,597.773,4.813,30584.0,3.533,0.019,51.3,tests performed,,,65.74,8655541.0,402.606,30.6,11.733,7.359,33132.32,0.5,93.32,6.74,15.4,35.4,,2.99,82.97,0.903
24886,ISR,Asia,Israel,2020-11-11,321574.0,763.0,594.857,2706.0,7.0,9.571,37152.386,88.152,68.726,312.632,0.809,1.106,0.93,,,,,,,,,40486.0,5214532.0,602.45,4.677,30683.0,3.545,0.019,51.6,tests performed,,,65.74,8655541.0,402.606,30.6,11.733,7.359,33132.32,0.5,93.32,6.74,15.4,35.4,,2.99,82.97,0.903
24887,ISR,Asia,Israel,2020-11-12,322410.0,836.0,632.857,2718.0,12.0,9.429,37248.971,96.586,73.116,314.018,1.386,1.089,0.95,,,,,,,,,40338.0,5254870.0,607.111,4.66,31393.0,3.627,0.02,49.6,tests performed,,,65.74,8655541.0,402.606,30.6,11.733,7.359,33132.32,0.5,93.32,6.74,15.4,35.4,,2.99,82.97,0.903
24888,ISR,Asia,Israel,2020-11-13,323171.0,761.0,642.857,2723.0,5.0,7.857,37336.892,87.921,74.271,314.596,0.578,0.908,0.96,,,,,,,,,35792.0,5290662.0,611.246,4.135,31994.0,3.696,0.02,49.8,tests performed,,,65.74,8655541.0,402.606,30.6,11.733,7.359,33132.32,0.5,93.32,6.74,15.4,35.4,,2.99,82.97,0.903
24889,ISR,Asia,Israel,2020-11-14,323463.0,292.0,654.286,2735.0,12.0,8.429,37370.628,33.736,75.592,315.983,1.386,0.974,0.97,,,,,,,,,12933.0,5303595.0,612.74,1.494,32649.0,3.772,0.02,49.9,tests performed,,,65.74,8655541.0,402.606,30.6,11.733,7.359,33132.32,0.5,93.32,6.74,15.4,35.4,,2.99,82.97,0.903
24890,ISR,Asia,Israel,2020-11-15,324088.0,625.0,667.286,2744.0,9.0,8.714,37442.836,72.208,77.093,317.022,1.04,1.007,0.99,,,,,,,,,23801.0,5327396.0,615.49,2.75,32890.0,3.8,0.02,49.3,tests performed,,,65.74,8655541.0,402.606,30.6,11.733,7.359,33132.32,0.5,93.32,6.74,15.4,35.4,,2.99,82.97,0.903
24891,ISR,Asia,Israel,2020-11-16,324961.0,873.0,689.286,2751.0,7.0,8.857,37543.696,100.86,79.635,317.831,0.809,1.023,1.03,,,,,,,,,49239.0,5376635.0,621.178,5.689,34892.0,4.031,0.02,50.6,tests performed,,,65.74,8655541.0,402.606,30.6,11.733,7.359,33132.32,0.5,93.32,6.74,15.4,35.4,,2.99,82.97,0.903
24892,ISR,Asia,Israel,2020-11-17,325790.0,829.0,711.286,2763.0,12.0,9.143,37639.473,95.777,82.177,319.217,1.386,1.056,1.04,,,,,,,,,56768.0,5433403.0,627.737,6.559,37051.0,4.281,0.019,52.1,tests performed,,,65.74,8655541.0,402.606,30.6,11.733,7.359,33132.32,0.5,93.32,6.74,15.4,35.4,,2.99,82.97,0.903
24893,ISR,Asia,Israel,2020-11-18,326585.0,795.0,715.857,2770.0,7.0,9.143,37731.321,91.849,82.705,320.026,0.809,1.056,1.05,,,,,,,,,46686.0,5480089.0,633.131,5.394,37937.0,4.383,0.019,53.0,tests performed,,,65.74,8655541.0,402.606,30.6,11.733,7.359,33132.32,0.5,93.32,6.74,15.4,35.4,,2.99,82.97,0.903
24894,ISR,Asia,Israel,2020-11-19,327355.0,770.0,706.429,2778.0,8.0,8.571,37820.282,88.96,81.616,320.95,0.924,0.99,1.06,,,,,,,,,56265.0,5536354.0,639.631,6.5,40212.0,4.646,0.018,56.9,tests performed,,,65.74,8655541.0,402.606,30.6,11.733,7.359,33132.32,0.5,93.32,6.74,15.4,35.4,,2.99,82.97,0.903
24895,ISR,Asia,Israel,2020-11-20,328129.0,774.0,708.286,2784.0,6.0,8.714,37909.704,89.422,81.83,321.644,0.693,1.007,1.07,,,,,,,,,44099.0,5580453.0,644.726,5.095,41399.0,4.783,0.017,58.4,tests performed,,,65.74,8655541.0,402.606,30.6,11.733,7.359,33132.32,0.5,93.32,6.74,15.4,35.4,,2.99,82.97,0.903
24896,ISR,Asia,Israel,2020-11-21,328551.0,422.0,726.857,2796.0,12.0,8.714,37958.459,48.755,83.976,323.03,1.386,1.007,1.08,,,,,,,,,15893.0,5596346.0,646.562,1.836,41822.0,4.832,0.017,57.5,tests performed,,,65.74,8655541.0,402.606,30.6,11.733,7.359,33132.32,0.5,93.32,6.74,15.4,35.4,,2.99,82.97,0.903
24897,ISR,Asia,Israel,2020-11-22,329316.0,765.0,746.857,2813.0,17.0,9.857,38046.842,88.383,86.287,324.994,1.964,1.139,1.1,,,,,,,,,35011.0,5631357.0,650.607,4.045,43423.0,5.017,0.017,58.1,tests performed,,,65.74,8655541.0,402.606,30.6,11.733,7.359,33132.32,0.5,93.32,6.74,15.4,35.4,,2.99,82.97,0.903
24898,ISR,Asia,Israel,2020-11-23,330275.0,959.0,759.143,2820.0,7.0,9.857,38157.638,110.796,87.706,325.803,0.809,1.139,1.13,,,,,,,,,53670.0,5685027.0,656.808,6.201,44056.0,5.09,0.017,58.0,tests performed,,,65.74,8655541.0,402.606,30.6,11.733,7.359,33132.32,0.5,93.32,6.74,15.4,35.4,,2.99,82.97,0.903
24899,ISR,Asia,Israel,2020-11-24,331132.0,857.0,763.143,2826.0,6.0,9.0,38256.65,99.012,88.168,326.496,0.693,1.04,1.15,,,,,,,,,60000.0,5745027.0,663.74,6.932,44518.0,5.143,0.017,58.3,tests performed,,,65.74,8655541.0,402.606,30.6,11.733,7.359,33132.32,0.5,93.32,6.74,15.4,35.4,,2.99,82.97,0.903
24900,ISR,Asia,Israel,2020-11-25,332211.0,1079.0,803.714,2831.0,5.0,8.714,38381.31,124.66,92.855,327.074,0.578,1.007,1.17,,,,,,,,,61037.0,5806064.0,670.792,7.052,46568.0,5.38,0.017,57.9,tests performed,,,65.74,8655541.0,402.606,30.6,11.733,7.359,33132.32,0.5,93.32,6.74,15.4,35.4,,2.99,82.97,0.903
24901,ISR,Asia,Israel,2020-11-26,333296.0,1085.0,848.714,2840.0,9.0,8.857,38506.663,125.353,98.054,328.114,1.04,1.023,1.18,,,,,,,,,54563.0,5860627.0,677.095,6.304,46325.0,5.352,0.018,54.6,tests performed,,,65.74,8655541.0,402.606,30.6,11.733,7.359,33132.32,0.5,93.32,6.74,15.4,35.4,,2.99,82.97,0.903
24902,ISR,Asia,Israel,2020-11-27,334328.0,1032.0,885.571,2846.0,6.0,8.857,38625.893,119.23,102.313,328.807,0.693,1.023,1.18,,,,,,,,,48852.0,5909479.0,682.739,5.644,47004.0,5.431,0.019,53.1,tests performed,,,65.74,8655541.0,402.606,30.6,11.733,7.359,33132.32,0.5,93.32,6.74,15.4,35.4,,2.99,82.97,0.903
24903,ISR,Asia,Israel,2020-11-28,334908.0,580.0,908.143,2856.0,10.0,8.571,38692.902,67.009,104.92,329.962,1.155,0.99,1.17,,,,,,,,,17528.0,5927007.0,684.764,2.025,47237.0,5.457,0.019,52.0,tests performed,,,65.74,8655541.0,402.606,30.6,11.733,7.359,33132.32,0.5,93.32,6.74,15.4,35.4,,2.99,82.97,0.903
24904,ISR,Asia,Israel,2020-11-29,335933.0,1025.0,945.286,2864.0,8.0,7.286,38811.323,118.421,109.212,330.886,0.924,0.842,1.19,,,,,,,,,40458.0,5967465.0,689.439,4.674,48015.0,5.547,0.02,50.8,tests performed,,,65.74,8655541.0,402.606,30.6,11.733,7.359,33132.32,0.5,93.32,6.74,15.4,35.4,,2.99,82.97,0.903
24905,ISR,Asia,Israel,2020-11-30,337191.0,1258.0,988.0,2872.0,8.0,7.429,38956.664,145.34,114.147,331.811,0.924,0.858,1.21,,,,,,,,,58846.0,6026311.0,696.237,6.799,48755.0,5.633,0.02,49.3,tests performed,,,65.74,8655541.0,402.606,30.6,11.733,7.359,33132.32,0.5,93.32,6.74,15.4,35.4,,2.99,82.97,0.903
24906,ISR,Asia,Israel,2020-12-01,338389.0,1198.0,1036.714,2882.0,10.0,8.0,39095.072,138.408,119.775,332.966,1.155,0.924,1.22,,,,,,,,,65292.0,6091603.0,703.781,7.543,49511.0,5.72,0.021,47.8,tests performed,,,65.74,8655541.0,402.606,30.6,11.733,7.359,33132.32,0.5,93.32,6.74,15.4,35.4,,2.99,82.97,0.903
24907,ISR,Asia,Israel,2020-12-02,339968.0,1579.0,1108.143,2886.0,4.0,7.857,39277.499,182.426,128.027,333.428,0.462,0.908,1.22,,,,,,,,,72829.0,6164432.0,712.195,8.414,51195.0,5.915,0.022,46.2,tests performed,,,65.74,8655541.0,402.606,30.6,11.733,7.359,33132.32,0.5,93.32,6.74,15.4,35.4,,2.99,82.97,0.903
24908,ISR,Asia,Israel,2020-12-03,341406.0,1438.0,1158.571,2895.0,9.0,7.857,39443.635,166.136,133.853,334.468,1.04,0.908,1.2,,,,,,,,,65489.0,6229921.0,719.761,7.566,52756.0,6.095,0.022,45.5,tests performed,,,74.07,8655541.0,402.606,30.6,11.733,7.359,33132.32,0.5,93.32,6.74,15.4,35.4,,2.99,82.97,0.903
24909,ISR,Asia,Israel,2020-12-04,342101.0,695.0,1110.429,2896.0,1.0,7.143,39523.93,80.295,128.291,334.583,0.116,0.825,1.18,,,,,,,,,61636.0,6291557.0,726.882,7.121,54583.0,6.306,0.02,49.2,tests performed,,,74.07,8655541.0,402.606,30.6,11.733,7.359,33132.32,0.5,93.32,6.74,15.4,35.4,,2.99,82.97,0.903
24910,ISR,Asia,Israel,2020-12-05,343826.0,1725.0,1274.0,2909.0,13.0,7.571,39723.225,199.294,147.189,336.085,1.502,0.875,,,,,,,,,,25869.0,6317426.0,729.871,2.989,55774.0,6.444,0.023,43.8,tests performed,,,74.07,8655541.0,402.606,30.6,11.733,7.359,33132.32,0.5,93.32,6.74,15.4,35.4,,2.99,82.97,0.903
24911,ISR,Asia,Israel,2020-12-06,344906.0,1080.0,1281.857,2917.0,8.0,7.571,39848.0,124.776,148.097,337.01,0.924,0.875,,,,,,,,,,42917.0,6360343.0,734.829,4.958,56125.0,6.484,0.023,43.8,tests performed,,,74.07,8655541.0,402.606,30.6,11.733,7.359,33132.32,0.5,93.32,6.74,15.4,35.4,,2.99,82.97,0.903
24912,ISR,Asia,Israel,2020-12-07,346797.0,1891.0,1372.286,2924.0,7.0,7.429,40066.473,218.473,158.544,337.818,0.809,0.858,,,,,,,,,,67661.0,6428004.0,742.646,7.817,57385.0,6.63,0.024,41.8,tests performed,,,74.07,8655541.0,402.606,30.6,11.733,7.359,33132.32,0.5,93.32,6.74,15.4,35.4,,2.99,82.97,0.903
24913,ISR,Asia,Israel,2020-12-08,348285.0,1488.0,1413.714,2932.0,8.0,7.143,40238.386,171.913,163.331,338.743,0.924,0.825,,,,,,,,,,70478.0,6498482.0,750.789,8.143,58126.0,6.715,0.024,41.1,tests performed,,,74.07,8655541.0,402.606,30.6,11.733,7.359,33132.32,0.5,93.32,6.74,15.4,35.4,,2.99,82.97,0.903
24914,ISR,Asia,Israel,2020-12-09,350271.0,1986.0,1471.857,2934.0,2.0,6.857,40467.834,229.448,170.048,338.974,0.231,0.792,,,,,,,,,,75459.0,6573941.0,759.507,8.718,58501.0,6.759,0.025,39.7,tests performed,,,74.07,8655541.0,402.606,30.6,11.733,7.359,33132.32,0.5,93.32,6.74,15.4,35.4,,2.99,82.97,0.903
24915,ISR,Asia,Israel,2020-12-10,352397.0,2126.0,1570.143,2961.0,27.0,9.429,40713.457,245.623,181.403,342.093,3.119,1.089,,,,,,,,,,77812.0,6651753.0,768.497,8.99,60262.0,6.962,0.026,38.4,tests performed,,,74.07,8655541.0,402.606,30.6,11.733,7.359,33132.32,0.5,93.32,6.74,15.4,35.4,,2.99,82.97,0.903
24916,ISR,Asia,Israel,2020-12-11,353269.0,872.0,1595.429,2969.0,8.0,10.429,40814.202,100.745,184.325,343.017,0.924,1.205,,,,,,,,,,77208.0,6728961.0,777.417,8.92,62486.0,7.219,0.026,39.2,tests performed,,,74.07,8655541.0,402.606,30.6,11.733,7.359,33132.32,0.5,93.32,6.74,15.4,35.4,,2.99,82.97,0.903
24917,ISR,Asia,Israel,2020-12-12,355786.0,2517.0,1708.571,2983.0,14.0,10.571,41104.999,290.796,197.396,344.635,1.617,1.221,,,,,,,,,,44855.0,6773816.0,782.599,5.182,65199.0,7.533,0.026,38.2,tests performed,,,74.07,8655541.0,402.606,30.6,11.733,7.359,33132.32,0.5,93.32,6.74,15.4,35.4,,2.99,82.97,0.903
24918,ISR,Asia,Israel,2020-12-13,357176.0,1390.0,1752.857,2999.0,16.0,11.714,41265.589,160.591,202.513,346.483,1.849,1.353,,,,,,,,,,51462.0,6825278.0,788.544,5.946,66419.0,7.674,0.026,37.9,tests performed,,,74.07,8655541.0,402.606,30.6,11.733,7.359,33132.32,0.5,93.32,6.74,15.4,35.4,,2.99,82.97,0.903
24919,ISR,Asia,Israel,2020-12-14,359506.0,2330.0,1815.571,3004.0,5.0,11.429,41534.781,269.192,209.758,347.061,0.578,1.32,,,,,,,,,,73687.0,6898965.0,797.058,8.513,67280.0,7.773,0.027,37.1,tests performed,,,74.07,8655541.0,402.606,30.6,11.733,7.359,33132.32,0.5,93.32,6.74,15.4,35.4,,2.99,82.97,0.903
24920,ISR,Asia,Israel,2020-12-15,360630.0,1124.0,1763.571,3014.0,10.0,11.714,41664.64,129.859,203.751,348.216,1.155,1.353,,,,,,,,,,83953.0,6982918.0,806.757,9.699,69205.0,7.995,0.025,39.2,tests performed,,,74.07,8655541.0,402.606,30.6,11.733,7.359,33132.32,0.5,93.32,6.74,15.4,35.4,,2.99,82.97,0.903
24921,ISR,Asia,Israel,2020-12-16,365042.0,4412.0,2110.143,3034.0,20.0,14.286,42174.371,509.731,243.791,350.527,2.311,1.65,,,,,,,,,,84125.0,7067043.0,816.476,9.719,70443.0,8.138,0.03,33.4,tests performed,,,74.07,8655541.0,402.606,30.6,11.733,7.359,33132.32,0.5,93.32,6.74,15.4,35.4,,2.99,82.97,0.903
24922,ISR,Asia,Israel,2020-12-17,367975.0,2933.0,2225.429,3050.0,16.0,12.714,42513.229,338.858,257.11,352.375,1.849,1.469,,,,,,,,,,80665.0,7147708.0,825.796,9.319,70851.0,8.186,0.031,31.8,tests performed,,,74.07,8655541.0,402.606,30.6,11.733,7.359,33132.32,0.5,93.32,6.74,15.4,35.4,,2.99,82.97,0.903
24923,ISR,Asia,Israel,2020-12-18,370152.0,2177.0,2411.857,3057.0,7.0,12.571,42764.745,251.515,278.649,353.184,0.809,1.452,,,,,,,,,,,,,,,,,,,,,74.07,8655541.0,402.606,30.6,11.733,7.359,33132.32,0.5,93.32,6.74,15.4,35.4,,2.99,82.97,0.903
24924,ISR,Asia,Israel,2020-12-19,372886.0,2734.0,2442.857,3074.0,17.0,13.0,43080.612,315.867,282.23,355.148,1.964,1.502,,,,,,,,,,,,,,,,,,,,,74.07,8655541.0,402.606,30.6,11.733,7.359,33132.32,0.5,93.32,6.74,15.4,35.4,,2.99,82.97,0.903
24925,ISR,Asia,Israel,2020-12-20,374760.0,1874.0,2512.0,3099.0,25.0,14.286,43297.12,216.509,290.219,358.037,2.888,1.65,,,,,,,,,,,,,,,,,,,7700.0,0.09,74.07,8655541.0,402.606,30.6,11.733,7.359,33132.32,0.5,93.32,6.74,15.4,35.4,,2.99,82.97,0.903
24926,ISR,Asia,Israel,2020-12-21,378259.0,3499.0,2679.0,3111.0,12.0,15.286,43701.37,404.25,309.513,359.423,1.386,1.766,,,,,,,,,,,,,,,,,,,31400.0,0.36,74.07,8655541.0,402.606,30.6,11.733,7.359,33132.32,0.5,93.32,6.74,15.4,35.4,,2.99,82.97,0.903
24927,ISR,Asia,Israel,2020-12-22,382487.0,4228.0,3122.429,3136.0,25.0,17.429,44189.843,488.473,360.743,362.311,2.888,2.014,,,,,,,,,,,,,,,,,,,74000.0,0.85,,8655541.0,402.606,30.6,11.733,7.359,33132.32,0.5,93.32,6.74,15.4,35.4,,2.99,82.97,0.903
24928,ISR,Asia,Israel,2020-12-23,385022.0,2535.0,2854.286,3150.0,14.0,16.571,44482.719,292.876,329.764,363.929,1.617,1.915,,,,,,,,,,,,,,,,,,,134500.0,1.55,,8655541.0,402.606,30.6,11.733,7.359,33132.32,0.5,93.32,6.74,15.4,35.4,,2.99,82.97,0.903
24929,ISR,Asia,Israel,2020-12-24,389678.0,4656.0,3100.429,3171.0,21.0,17.286,45020.641,537.921,358.202,366.355,2.426,1.997,,,,,,,,,,,,,,,,,,,208600.0,2.41,,8655541.0,402.606,30.6,11.733,7.359,33132.32,0.5,93.32,6.74,15.4,35.4,,2.99,82.97,0.903
24930,ISR,Asia,Israel,2020-12-25,394391.0,4713.0,3462.714,3186.0,15.0,18.429,45565.147,544.507,400.058,368.088,1.733,2.129,,,,,,,,,,,,,,,,,,,,,,8655541.0,402.606,30.6,11.733,7.359,33132.32,0.5,93.32,6.74,15.4,35.4,,2.99,82.97,0.903
